"URL","Image URL","ASIN","Title","Brand","Fulfillment","Category","BSR","UPC","GTIN","EAN","ISBN","Subcategory","Price","Price Trend (90 days) (%)","Parent Level Sales","ASIN Sales","Sales Trend (90 days) (%)","Parent Level Revenue","ASIN Revenue","Review Count","Reviews Rating","Seller","Seller Country/Region","Number of Active Sellers","Last Year Sales","Sales Year Over Year (%)","Size Tier","Length","Width","Height","Weight","Storage Fee (Jan - Sep)","Storage Fee (Oct - Dec)","Best Sales Period","Age (Month)","Number of Images","Variation Count","Sales to Reviews"
"https://amazon.com/dp/B00FEXRNJY","https://m.media-amazon.com/images/I/61PPirOa7YL._SX450_.jpg","B00FEXRNJY","Fabulicious Women's Flair 419 G Dress Sandal, Silver, 15 M US","Fabulicious","FBM","Clothing, Shoes & Jewelry",15346473,885487734224,00885487734224,0885487734224,"N/A","Heeled Sandals",56.95,"N/A",0,0,,"-","-",32,3.5,"Auto Lime","USA",1,0,"N/A","Large Standard-Size",11.9,10.6,4,2.85,"N/A","N/A","10/01/2023",142,5,19,0
"https://amazon.com/dp/B007O3TFK2","https://m.media-amazon.com/images/I/712Ag2nvB3L._SX450_.jpg","B007O3TFK2","Round Em Up Cowgirl Costume Medium","California Costumes","FBM","Clothing, Shoes & Jewelry",761715,019519048496,00019519048496,0019519048496,"N/A","Costumes",52.14,-7,18,6,-75,900.81,293.88,386,4.2,"CostumeBoom","USA",7,1032,12,"Large Standard-Size",3.54,13.54,14.45,1.41,"N/A","N/A","10/01/2024",160,5,4,0.05
"https://amazon.com/dp/B001CCSNX6","https://m.media-amazon.com/images/I/91QhFf8NA8L._SX450_.jpg","B001CCSNX6","California Costumes Women's 1970s Disco Costume - L Multi","California Costumes","Amazon","Clothing, Shoes & Jewelry",272137,019519004331,00019519004331,0019519004331,"N/A","Costumes",48.99,17,162,44,62,7182.83,1951.2,913,4.2,"Amazon","N/A",5,3281,"N/A","Large Standard-Size",1.85,10.47,13.11,1.04,"N/A","N/A","11/01/2024",297,5,4,0.18
"https://amazon.com/dp/B00J48V5G2","https://m.media-amazon.com/images/I/81xkIP9VexL._SX450_.jpg","B00J48V5G2","California Costumes The Pope Costume Small/Medium","California Costumes","Amazon","Clothing, Shoes & Jewelry",207318,019519089796,00019519089796,0019519089796,"N/A","Costumes",34.99,3,98,26,-52,3509.38,993.2,695,4.7,"Amazon","N/A",9,2910,4,"Large Standard-Size",3.39,13.9,14.96,1.72,"N/A","N/A","10/01/2023",136,2,2,0.14
"https://amazon.com/dp/B001V9UBYO","https://m.media-amazon.com/images/I/51JWlp6aN8L._SX450_.jpg","B001V9UBYO","Ellie Shoes Women's 3.5 inch Heel Maribou Slippers (Pink;6)","Ellie Shoes","FBM","Clothing, Shoes & Jewelry",1355162,843226077209,"N/A",0843226077209,"N/A","Slippers",44.57,20,2,0,-81,93.38,"-",294,4.3,"eGalleria","USA",2,230,-70,"Large Standard-Size",3.4,8.2,10.2,1.1,"N/A","N/A","10/01/2023",252,1,19,0.01
"https://amazon.com/dp/B0018B98KI","https://m.media-amazon.com/images/I/61zRjKPUOVL._SX450_.jpg","B0018B98KI","California Costumes Marilyn Monroe Costume Dress X-Large","California Costumes","FBM","Clothing, Shoes & Jewelry",192201,019519200498,00019519200498,0019519200498,"N/A","Costumes",24.99,6,117,31,42,3051.94,789.4,953,4.3,"Hanopop","USA",11,3566,10,"Large Standard-Size",2.4,11.22,13.15,1.09,"N/A","N/A","10/01/2023",297,5,5,0.12
"https://amazon.com/dp/B00FEXR5MO","https://m.media-amazon.com/images/I/71PRd0m3JjL._SX450_.jpg","B00FEXR5MO","Fabulicious Women's Flair 419 G Dress Sandal, Gold, 9 M US","Fabulicious","FBM","Clothing, Shoes & Jewelry",15346473,885487734286,00885487734286,0885487734286,"N/A","Heeled Sandals",62.95,"N/A",0,0,,"-","-",32,3.5,"Auto Lime","USA",1,0,"N/A","Large Standard-Size",4.02,7.95,11.5,1.98,"N/A","N/A","10/01/2023",142,5,19,0
"https://amazon.com/dp/B00J48WIMC","https://m.media-amazon.com/images/I/81c2MR3eRXL._SX450_.jpg","B00J48WIMC","California Costumes Women's Elegant Empress Renaissance Lady Gown, Blue, Medium","California Costumes","Amazon","Clothing, Shoes & Jewelry",477617,019519089628,00019519089628,0019519089628,"N/A","Costumes",37.07,-6,47,11,-50,1574.43,338.63,490,4.2,"Amazon","N/A",3,657,-7,"Large Standard-Size",2,10.8,14.4,1.35,"N/A","N/A","10/01/2023",136,2,5,0.1
"https://amazon.com/dp/B00KXDP6X0","https://m.media-amazon.com/images/I/519rfvDLUYL._SX450_.jpg","B00KXDP6X0","Yelete Women's Casual Summer Stretchy Jegging Shorts (Large, Red)","YELETE","FBM","Clothing, Shoes & Jewelry",1079493,847727975699,"N/A",0847727975699,"N/A",,17.99,-12,9,0,94,127.67,"-",404,4.2,"Esty Inc","USA",2,62,-63,"Large Standard-Size",7.9,9.7,1.4,0.35,"N/A","N/A","07/01/2023",133,6,36,0.02
"https://amazon.com/dp/B0091K4N9E","https://m.media-amazon.com/images/I/71b-9hqxoYL._SX450_.jpg","B0091K4N9E","RG Costumes mens Renaissance Peasant Adult Sized Costumes, Brown, One Size US","RG Costumes","Amazon","Clothing, Shoes & Jewelry",3827082,054225802208,00054225802208,0054225802208,"N/A","Costumes",48.17,-51,0,0,-150,"-","-",18,3.7,"Amazon","N/A",1,5,-84,"Large Standard-Size",2.17,11.38,15.59,1.12,"N/A","N/A","10/01/2023",210,1,1,0
"https://amazon.com/dp/B0050CXDWA","https://m.media-amazon.com/images/I/81G2eiS8sqL._SX450_.jpg","B0050CXDWA","Pleaser Women's Adore-702 Sandal,Clear/Black,9 M US","Pleaser","FBM","Clothing, Shoes & Jewelry",9638968,885487077499,00885487077499,0885487077499,"N/A","Costumes & Accessories",57.95,"N/A",0,0,,"-","-",44,3.9,"fenvy","USA",1,0,"N/A","Large Standard-Size",11.6,10.5,3.8,2.6,"N/A","N/A","06/01/2024",209,6,24,0
"https://amazon.com/dp/B00A0IW6YU","https://m.media-amazon.com/images/I/611HuqFqI4L._SX450_.jpg","B00A0IW6YU","Bordello by Pleaser Women's Teeze-06 Pump,Black Patent,10 M US","Pleaser","FBM","Clothing, Shoes & Jewelry",1421773,885487675985,00885487394367,0885487675985,"N/A","Pumps",75.62,14,2,0,-83,176.77,"-",126,4.1,"ShopScrubs","USA",5,63,"N/A","Large Standard-Size",11.42,10.31,3.94,2.78,"N/A","N/A","05/01/2024",195,6,21,0.02
"https://amazon.com/dp/B0040YMRMG","https://m.media-amazon.com/images/I/71doBrn+zOL._SX450_.jpg","B0040YMRMG","Miss Bunny Pink (Standard;Large)","RG Costume","FBM","Clothing, Shoes & Jewelry",8127729,054225084703,"N/A",0054225084703,"N/A","Costumes",16,-35,0,0,,"-","-",2,1.5,"eGalleria","USA",1,0,"N/A","Large Standard-Size",0,0,0,2,"N/A","N/A","11/01/2023",95,1,5,0
"https://amazon.com/dp/B00IJ81T5K","https://m.media-amazon.com/images/I/71YdOl7ukFL._SX450_.jpg","B00IJ81T5K","California Costumes Adult Steampunk Lady Costume X-Small","California Costumes","Amazon","Clothing, Shoes & Jewelry",469239,019519090402,00019519090402,0019519090402,"N/A","Costumes",45.94,12,32,6,-36,1442.39,290.04,1163,4.4,"Amazon","N/A",9,1301,-37,"Large Standard-Size",3.86,13.7,14.09,1.15,"N/A","N/A","10/01/2023",137,5,5,0.03
"https://amazon.com/dp/B00EDMWNGK","https://m.media-amazon.com/images/I/7117LGxDyJL._SX450_.jpg","B00EDMWNGK","Rothco Long Sleeve T-Shirt, Desert Digital,3X-Large","Rothco","FBM","Clothing, Shoes & Jewelry",386169,613902957480,00613902957480,0613902957480,"N/A","Tops",19.99,-6,68,1,-42,1208.07,14.74,3630,4.4,"Go Commando Gear","USA",4,1391,"N/A","Large Standard-Size",8.4,5.3,2.7,0.7,"N/A","N/A","02/01/2024",143,9,29,0.02
"https://amazon.com/dp/B0007Z2MKY","https://m.media-amazon.com/images/I/81wbo4hIArL._SX450_.jpg","B0007Z2MKY","Paisley Cotton Bandanna Black","H2W","FBA","Clothing, Shoes & Jewelry",3828397,"N/A","N/A","N/A","N/A","Bandanas",4.35,65,1,1,,4.35,4.32,130,4,"Neighborhoodcircle","USA",3,9,"N/A","Small Standard-Size",0.5,4.4,5.5,0.05,6.09,16.81,"07/01/2024",226,1,0,0.01
"https://amazon.com/dp/B01LXW7M5O","https://m.media-amazon.com/images/I/612ivszvw-L._SX450_.jpg","B01LXW7M5O","Rothco Men's Professional CCW Concealed Carry Soft Shell Vest, Coyote Brown - XL","Rothco","FBA","Sports & Outdoors",512511,613902018662,00613902018662,0613902018662,"N/A","Tactical Vests",40,-2,12,0,-42,415.92,"-",10,3.6,"Army Universe","USA",3,179,-21,"Large bulky",0.98,15.98,24.02,1.5,190.23,524.76,"10/01/2023",106,5,15,1.16
"https://amazon.com/dp/B00E9WH1SO","https://m.media-amazon.com/images/I/61UodGM7UnS._SX450_.jpg","B00E9WH1SO","Rothco Solid Color Large 27"" x 27"" Bandana (Red)","Rothco","FBA","Clothing, Shoes & Jewelry",124326,613902994348,00613902994348,0613902994348,"N/A","Accessories",7.25,-12,150,7,-41,1008.96,46.91,138,4.3,"SPLG Products","USA",4,1082,-55,"Large Standard-Size",1.02,6.57,7.2,0.11,24.29,67.01,"10/01/2023",143,1,6,1.09
"https://amazon.com/dp/B000JZA93E","https://m.media-amazon.com/images/I/61kkKFx6BbL._SX450_.jpg","B000JZA93E","Rothco Flightsuit – Mens Pilot Coveralls – Costume Cosplay Jumpsuit, Olive Drab - 2XL","Rothco","FBA","Clothing, Shoes & Jewelry",249915,613902751002,00613902751002,0613902751002,"N/A","Clothing",65.99,-7,80,1,-35,4756.7,43.81,22,4,"SPLG Products","USA",5,1731,-53,"Large Standard-Size",1,14,18,1,126.87,350,"10/01/2023",261,5,65,3.62
"https://amazon.com/dp/B01LXKX5EB","https://m.media-amazon.com/images/I/619Lj2viW4L._SX450_.jpg","B01LXKX5EB","Rothco ECWCS Gen III Mid-Weight Underwear Top - Superior Cold Weather Base Layer - AR 670-1 Coyote Brown - Large","Rothco","FBA","Clothing, Shoes & Jewelry",291087,613902369047,00613902369047,0613902369047,"N/A","Tops",43.99,-6,56,2,-52,2493.89,72.99,344,4.6,"BIGFLY","USA",8,3005,"N/A","Large Standard-Size",2.17,12.05,16.22,1.06,213.54,589.07,"11/01/2023",106,9,30,0.16
"https://amazon.com/dp/B01M4KSMRA","https://m.media-amazon.com/images/I/61h1Tg5r+tL._SX450_.jpg","B01M4KSMRA","Rothco Thin Red Line Flag T-Shirt – Wear Your Support for Firefighters & First Responders Proudly, X-Large","Rothco","FBA","Clothing, Shoes & Jewelry",9515079,613902995048,00613902995048,0613902995048,"N/A","Tops",17.99,-2,0,0,,"-","-",6,4.6,"SPLG Products","USA",5,0,"N/A","Large Standard-Size",1.69,7.91,11.97,0.4,80.73,222.69,"-",105,3,0,0
"https://amazon.com/dp/B015TGJX5C","https://m.media-amazon.com/images/I/51K17yiksdL._SX450_.jpg","B015TGJX5C","Rothco GI Wool Glove Liners, Coyote Brown, Size 6","Rothco","FBA","Clothing, Shoes & Jewelry",228102,613902845862,00613902845862,0613902845862,"N/A","Accessories",18.99,-2,81,2,-45,941.55,29.07,706,4.4,"SPLG Products","USA",1,4477,1534,"Large Standard-Size",1.65,5.12,7.24,0.13,30.79,84.95,"01/01/2025",118,3,19,0.11
"https://amazon.com/dp/B004H2GUVU","https://m.media-amazon.com/images/I/71-ympEbkZL._SX450_.jpg","B004H2GUVU","Rothco GI Type Inspection Ready Beret, Black, 6.75","Rothco","FBA","Clothing, Shoes & Jewelry",168603,613902494916,00613902494916,0613902494916,"N/A","Accessories",20.23,-10,134,4,8,2669.75,77.39,1163,4.1,"SPLG Products","USA",5,1582,"N/A","Large Standard-Size",9,5,4,0.15,90.63,250,"11/01/2024",175,3,35,0.12
"https://amazon.com/dp/B00ATP01XW","https://m.media-amazon.com/images/I/71YVjV7PYIL._SX450_.jpg","B00ATP01XW","Army Universe US Air Force Military Style Flightsuit Work Coveralls Uniform Jumpsuit Overalls (Foliage Green, X-Large)","Army Universe","FBM","Clothing, Shoes & Jewelry",340308,191818017837,"N/A",0191818017837,"N/A","Overalls & Coveralls",64.99,-14,73,2,23,4757.1,130.32,365,4,"Army Universe","USA",1,1337,38,"Large Standard-Size",2.1,8.4,15.3,1.55,"N/A","N/A","10/01/2024",80,8,65,0.2
"https://amazon.com/dp/B00U5PAO4W","https://m.media-amazon.com/images/I/61N7GNjwIkL._SX450_.jpg","B00U5PAO4W","Rothco XL Advanced Tactical Shoulder Bag (Black)","Rothco","FBA","Clothing, Shoes & Jewelry",6934924,613902240384,00613902240384,0613902240384,"N/A","Shoulder Bags",59.99,-13,0,0,,"-","-",5,4,"SPLG Products","USA",5,0,"N/A","Large bulky",3.46,14.13,15.51,2.1,382.43,1054.97,"08/01/2024",124,2,2,0
"https://amazon.com/dp/B001LOGV5C","https://m.media-amazon.com/images/I/711AgSMRRBL._SX450_.jpg","B001LOGV5C","Rothco 7520: Cwu-45P Flight Jacket","Rothco","FBA","Clothing, Shoes & Jewelry",744728,613902752030,00613902752030,0613902752030,"N/A","Outerwear",63.99,-10,21,2,-42,1382.57,139.97,75,4.3,"SPLG Products","USA",5,547,-42,"Large Standard-Size",6.5,7.5,14.5,1.96,355.89,981.77,"10/01/2023",285,5,12,0.28
"https://amazon.com/dp/B003MC1W4Q","https://m.media-amazon.com/images/I/61lBFA1ge3L._SX450_.jpg","B003MC1W4Q","Rothco Mens Physical Training Army PT Workout T-Shirt (US, Alpha, 2X, Regular, Regular, Black)","Rothco","FBM","Clothing, Shoes & Jewelry",257283,613902036406,00613902036406,0613902036406,"N/A","Tops",16.99,-6,53,2,-31,804.76,41.23,9846,4.4,"ArmyNavyUSA","USA",6,0,"N/A","Large Standard-Size",7.1,4.8,2.8,0.45,"N/A","N/A","04/01/2025",261,4,5,0.01
"https://amazon.com/dp/B000NN2SGS","https://m.media-amazon.com/images/I/61ta0PapG3L._SX450_.jpg","B000NN2SGS","Rothco T-Shirt - Vintage Air Corps, Olive Drab, 2XL","Rothco","FBA","Clothing, Shoes & Jewelry",2081768,613902663053,00613902663053,0613902663053,"N/A","Tops",19.01,-14,3,3,300,49.51,48.49,50,4.1,"SPLG Products","USA",5,0,"N/A","Large Standard-Size",9,6.2,2.2,0.4,61.81,170.5,"12/01/2024",285,3,0,0.05
"https://amazon.com/dp/B003AO4MXE","https://m.media-amazon.com/images/I/41TOLlXH4cL._SX450_.jpg","B003AO4MXE","Tactical Paracord Bracelets for Men – Survival Paracord Bracelet for Daily Wearing with Nylon Cord Wristband – Elegant Hand Accessory with Quick-Release Buckle for Camping, Hiking, Outdoor Adventures","NADOBA","FBA","Clothing, Shoes & Jewelry",177949,874218009977,"N/A",0874218009977,"N/A","Bracelets",7.45,-8,154,154,26,1145.71,1144.77,466,4,"Anka tryh","USA",1,1481,139,"Small Standard-Size",0.47,0.98,9.02,0.02,2.09,5.77,"08/01/2024",184,9,0,0.33
"https://amazon.com/dp/B00X6FQ4MY","https://m.media-amazon.com/images/I/81+xz+Le5CL._SX450_.jpg","B00X6FQ4MY","Army Universe Orange Camouflage Short Sleeve T-Shirt + Pin - Size 2X-Large (49""-53"")","Army Universe","FBM","Clothing, Shoes & Jewelry",287871,191818008897,"N/A",6310066983068,"N/A","Tops",16.99,"N/A",104,0,-36,1577.91,"-",572,4.4,"Army Universe","USA",1,1513,40,"N/A","N/A","N/A","N/A","N/A","N/A","N/A","10/01/2024",122,5,137,0.18
"https://amazon.com/dp/B00XCURL20","https://m.media-amazon.com/images/I/71qhUGDb5EL._SX450_.jpg","B00XCURL20","Army Universe Sky Blue Camouflage Tactical Boonie Hat Bucket Wide Brim Cap, Size X-Large 7 ¾","Army Universe","FBM","Sports & Outdoors",342844,"N/A","N/A","N/A","N/A","Fishing Hats",17.99,-4,12,0,,207.74,"-",240,4.5,"Army Universe","USA",1,72,-34,"N/A","N/A","N/A","N/A","N/A","N/A","N/A","07/01/2023",57,3,100,0.05
"https://amazon.com/dp/B00850K2Y6","https://m.media-amazon.com/images/I/71Wj6jGOHJL._SX450_.jpg","B00850K2Y6","Rothco Tactical Operator Cap – Enhancing Style and Function for Tactical Professionals – Multicam","Rothco","FBA","Clothing, Shoes & Jewelry",73624,613902436206,"N/A",0613902436206,"N/A","Accessories",19.21,-4,512,2,14,5533.28,46.79,1347,4.5,"SPLG Products","USA",5,4970,35,"Large Standard-Size",8.7,7.6,3.5,0.2,116.51,321.42,"05/01/2025",158,5,21,0.38
"https://amazon.com/dp/B00ITVASOK","https://m.media-amazon.com/images/I/51YBRxav-nL._SX450_.jpg","B00ITVASOK","ARMYU Camo Bandana Camouflage Head Wrap Do-Rag 100% Cotton Bandanna Face Cover (City Camouflage - 27"")","Army Universe","FBM","Clothing, Shoes & Jewelry",178383,191818015666,"N/A",0191818015666,"N/A","Women",7.99,-6,122,2,50,872.6,12.58,770,4.4,"Army Universe","USA",1,992,-22,"N/A","N/A","N/A","N/A","N/A","N/A","N/A","06/01/2024",74,1,32,0.16
"https://amazon.com/dp/B004APR504","https://m.media-amazon.com/images/I/71t127JHW5L._SX450_.jpg","B004APR504","Rothco MA-1 Flight Jacket, L, Navy Blue","Rothco","FBA","Clothing, Shoes & Jewelry",260567,613902732506,00613902732506,0613902732506,"N/A","Outerwear",53.99,16,91,1,-77,4965.38,65.31,5583,4.3,"SPLG Products","USA",9,0,"N/A","Large Standard-Size",6,7,14.5,1.65,306.61,845.83,"02/01/2025",285,10,90,0.02
"https://amazon.com/dp/B015D9HZOG","https://m.media-amazon.com/images/I/91iMR4IYhsL._SX450_.jpg","B015D9HZOG","Blissful Being Himalayan Salt Massage Stones - Saltablity Salt Stones for Massage - Great for Skin, Body, Mind","Blissful Being","FBA","Health & Household",409314,730586216532,"N/A",0730586216532,"N/A","Back Massagers",17.95,2,8,8,343,142.23,142.12,166,4.4,"Blissful Being","USA",1,120,19,"Large Standard-Size",4.2,4.3,4.7,1.46,42.74,117.89,"01/01/2025",118,5,0,0.05
"https://amazon.com/dp/1416551069","https://m.media-amazon.com/images/I/81CzuQriBqL._SX450_.jpg",1416551069,"A Homemade Life: Stories and Recipes from My Kitchen Table","Simon & Schuster","Amazon","Books",237525,"N/A",19781416551062,9781416551065,"978-1416551065","Women",9.99,-7,9,9,-42,86.24,86.03,491,4.3,"Amazon","N/A",15,175,-17,"Large Standard-Size",8.3,5.5,0.8,0.5,"N/A","N/A","07/01/2024",193,1,0,0.02
"https://amazon.com/dp/B0169VL4LC","https://m.media-amazon.com/images/I/41coejEgFKL._SX450_.jpg","B0169VL4LC","Funko POP Games: Call of Duty Action Figure - Woods","Funko","FBM","Toys & Games",654143,849803068219,00849803068219,0849803068219,"N/A","Action Figures",79.95,12,1,1,,83.8,93.73,199,4,"Amazing Comics","USA",3,19,"N/A","Large Standard-Size",4.8,6.5,3.7,0.25,"N/A","N/A","12/01/2023",117,1,0,0.01
"https://amazon.com/dp/B00000J2B3","https://m.media-amazon.com/images/I/71pRklm6mvL._SX450_.jpg","B00000J2B3","Star Wars Episode I Basic Figure Collection II: R2-D2#7","STAR WARS","FBM","Toys & Games",267457,885521024373,"N/A",0885521024373,"N/A","Action Figures",26.88,43,11,11,-8,288.07,287.87,85,4.3,"Empire of the Senses","USA",4,97,-12,"Large Standard-Size",8.4,6.1,1.4,0.1,"N/A","N/A","12/01/2024",224,1,0,0.13
"https://amazon.com/dp/B01B6OVKUC","https://m.media-amazon.com/images/I/61S-Q2Gvy0L._SX450_.jpg","B01B6OVKUC","CheckOutStore (20) Premium Slimline Single 1-Disc DVD Cases 7mm (Clear Purple)","CheckOutStore","FBM","Home & Kitchen",258487,729884360313,"N/A",0729884360313,"N/A","DVD Cases",18.88,12,95,3,-47,2844.33,48.01,636,4.4,"mediaxpo","USA",2,1419,"N/A","Large Standard-Size",5.63,5.75,8.07,2.32,"N/A","N/A","12/01/2023",114,2,60,0.15
"https://amazon.com/dp/B01IKOZ5KM","https://m.media-amazon.com/images/I/71qaAshHIWL._SX450_.jpg","B01IKOZ5KM","Mattel DC Justice League Action The Joker Action Figure, 12""","Mattel","FBA","Toys & Games",864015,887961716634,00887961385007,0887961716634,"N/A","Action Figures",34.99,-33,0,0,,"-","-",946,4.5,"Ozone Toys","USA",3,17,-53,"Large Standard-Size",2.1,4.3,12.1,0.09,55.01,151.75,"12/01/2023",108,4,0,0
"https://amazon.com/dp/B01N39Z9CK","https://m.media-amazon.com/images/I/81vPgOIW1WL._SX450_.jpg","B01N39Z9CK","RT 79A Toner Compatible MICR Ink Replacement for HP CF279A | Laser Printers M12a M12w MFP M26a M26nw Check Printing Cartridge","Renewable Toner","FBA","Office Products",709312,"N/A","N/A","N/A","N/A","Toner Cartridges",80,-14,1,1,300,48.93,46.66,0,"N/A","Office E-check MICR","USA",2,11,-27,"Large Standard-Size",4.2,5.3,13.2,1.65,147.94,408.1,"03/01/2024",101,5,0,"N/A"
"https://amazon.com/dp/B01GCC3ZY2","https://m.media-amazon.com/images/I/71+eV8qY2CL._SX450_.jpg","B01GCC3ZY2","Ultra Sharp Stainless Steel Nail Clippers for Men & Women - TOP TENG 4-Piece Professional Toenail & Fingernail Clipper Set with Curved, Straight & Oblique Clippers & Nail File","TOP TENG","FBA","Beauty & Personal Care",343388,"N/A","N/A","N/A","N/A","Nail Clippers",12.99,-19,5,1,-67,50.96,15.06,2346,4.5,"PBTB US","China",1,195,-69,"Small Standard-Size",0.7,1.4,3.4,0.15,1.68,4.63,"05/01/2024",110,6,2,0
"https://amazon.com/dp/B01CCP8JO4","https://m.media-amazon.com/images/I/71sodZny-TL._SX450_.jpg","B01CCP8JO4","KREATIVE ARTS Canvas Large Art Print Spring Forest Nature Green Big Tree Wall Art Photo Printed on Canvas Framed Artwork for Office Wall Decoration Ready to Hang 20x40inch","KREATIVE ARTS","FBA","Home & Kitchen",918452,744370727753,"N/A",0744370727753,"N/A","Posters & Prints",49.99,-6,17,13,3,937.81,634.75,167,4.6,"Creative Arts Inc","USA",1,185,-23,"Large bulky",1,20,40,3.15,402.78,1111.11,"05/01/2025",95,7,2,0.1
"https://amazon.com/dp/B06ZZ6N6ZW","https://m.media-amazon.com/images/I/41bDsIRLx0L._SX450_.jpg","B06ZZ6N6ZW","Lyfree Indoor/Outdoor Motorcycle Cover Reflective Waterproof Protection Heat - Moisture Guard Sportbike (Red-XXXL)","LYFREE","FBM","Automotive",4398723,709046868864,"N/A",0709046868864,"N/A","Vehicle Covers",26.66,-15,0,0,,"-","-",105,4,"REVOGREEN PRODUCTS","China",1,0,"N/A","Large Standard-Size",2.2,8.9,12.01,1.4,"N/A","N/A","07/01/2023",98,8,12,0
"https://amazon.com/dp/B002YUR3F4","https://m.media-amazon.com/images/I/71MdGvJhnJL._SX450_.jpg","B002YUR3F4","Quirky PCVG3-WH01 Converge Universal USB Docking Station, White","Quirky","FBA","Computers & Accessories",104075,840410101481,00840410101481,6790840065195,"N/A","Docking Stations",9.9,-25,0,0,,"-","-",47,4,"SF0 Athletics","USA",1,36,-84,"Large Standard-Size",13.2,5.9,2.6,2.05,101.95,281.23,"07/01/2023",132,2,0,0
"https://amazon.com/dp/B016X94GN8","https://m.media-amazon.com/images/I/41ebzfHD+OL._SX450_.jpg","B016X94GN8","Everlast F.I.T. Slimmer Belt with Zippers Featuring Compress-X Technology for Men","Everlast","FBM","Sports & Outdoors",1151689,009283585419,00009283585419,0009283585419,"N/A","Game Bags & Belts",25,-45,0,0,-100,"-","-",23,3.6,"Cozy Ventures I","USA",1,5,-62,"Large Standard-Size",11.5,5.4,2.2,0.25,"N/A","N/A","06/01/2024",117,1,0,0
"https://amazon.com/dp/B00917P3AU","https://m.media-amazon.com/images/I/41zg3bRV1aL._SX450_.jpg","B00917P3AU","Rembrandt Intense Stain Removal Toothpaste 3.0 Ounce Pack of 2","REMBRANDT","FBM","Health & Household",78309,049336447004,"N/A",0049336447004,"N/A","Toothpaste",20.49,5,125,133,-63,2526.47,2689.24,143,4.7,"Royal Meds","USA",5,2691,269,"Large Standard-Size",1.93,4.72,6.5,0.55,"N/A","N/A","10/01/2024",144,2,0,0.88
"https://amazon.com/dp/B0006B94SM","https://m.media-amazon.com/images/I/61h-GDDVxiL._SX450_.jpg","B0006B94SM","Swiss Diamond Sauce Pan with Lid, Diamond Coated Aluminum Non Stick Sauce Pan with Stainless Steel Handle, Oven & Dishwasher Safe, 8 Inch 3.2 Quart, Grey","Swiss Diamond","FBA","Kitchen & Dining",278573,844819017091,07640119210292,7640119210292,"N/A","Saucepans",159.95,-14,4,1,-82,727.17,215.05,236,4.5,"BigKitchen","USA",3,293,"N/A","Large Standard-Size",5.6,9.1,16.9,4.2,433.6,1196.14,"07/01/2024",219,8,3,0.02
"https://amazon.com/dp/B00SLHWTNA","https://m.media-amazon.com/images/I/71sci29ojaL._SX450_.jpg","B00SLHWTNA","LifeProof NÜÜD iPhone 6 PLUS ONLY Waterproof Case (5.5"" Version) - Retail Packaging - BLACK","LifeProof","FBM","Cell Phones & Accessories",285870,738516443218,00660543372998,0738516443218,"N/A","Basic Cases",49.95,-6,2,2,-83,113.19,120.19,1199,4,"HiLoPlace","USA",1,70,"N/A","Large Standard-Size",1.2,4.6,8,0.45,"N/A","N/A","10/01/2024",105,5,0,0
"https://amazon.com/dp/B01A6ZFHJW","https://m.media-amazon.com/images/I/91iVF86aMqL._SX450_.jpg","B01A6ZFHJW","American Atelier White & Gray Square Tray with Gold Handles","American Atelier","Amazon","Kitchen & Dining",1241958,088235462855,00088235462855,0088235462855,"N/A","Serving Trays",50,2483,0,0,,"-","-",24,4.3,"Amazon","N/A",1,0,"N/A","Large bulky",1.81,18.1,18.1,2.9,"N/A","N/A","-",114,5,0,0
"https://amazon.com/dp/B00VYZ56OU","https://m.media-amazon.com/images/I/71C8pBcUx8L._SX450_.jpg","B00VYZ56OU","Deco 79 Wood Wall Shelf with Metal Brackets, 38"" x 9"" x 38"", Brown","Deco 79","Amazon","Home & Kitchen",1912725,758647586165,00758647586165,0758647586165,"N/A","Floating Shelves",86.02,12,0,0,-100,"-","-",53,3.9,"Amazon","N/A",4,46,-43,"Large bulky",7.5,13.5,41.5,15.4,"N/A","N/A","02/01/2024",123,10,3,0
"https://amazon.com/dp/B00LNGNPQQ","https://m.media-amazon.com/images/I/51TdEgxKzxL._SX450_.jpg","B00LNGNPQQ","The Lakeside Collection 9""x12"" Artwork Frame","The Lakeside Collection","FBM","Home & Kitchen",1275020,884916203782,"N/A",0884916203782,"N/A","Wall & Tabletop Frames",20.95,-6,13,1,-73,270.91,19.98,632,4.4,"SHOPRIME","USA",2,172,648,"Large Standard-Size",2.24,13.5,17.01,2.18,"N/A","N/A","12/01/2024",128,9,9,0.02
"https://amazon.com/dp/B01LYHQK83","https://m.media-amazon.com/images/I/51ek5cG6i0L._SX450_.jpg","B01LYHQK83","2016 The Nightmare Before Christmas ''Tsum Tsum'' Box Set - Mini - 3 1/2'' Limited Edition","Disney","FBM","Toys & Games",1455572,737278658656,"N/A",0737278658656,"N/A","Stuffed Animals & Teddy Bears",134.97,-17,0,0,,"-","-",22,4.8,"KingdomShoppers","USA",2,0,"N/A","Large Standard-Size",4.6,7.6,14,0.8,"N/A","N/A","10/01/2023",106,1,0,0
"https://amazon.com/dp/B00KAP639W","https://m.media-amazon.com/images/I/61285ZKsmUL._SX450_.jpg","B00KAP639W","The Republic of Tea – Pineapple Orange Guava Iced Green Tea, 8 Large Quart-Sized Iced Tea Pouches, Naturally Caffeinated","The Republic of Tea","FBM","Grocery & Gourmet Food",41360,767563313977,"N/A",0767563313977,"N/A","Iced Tea",10.25,-13,403,400,105,3995.09,3957.85,297,4.6,"The Republic of Tea","USA",2,2388,44,"Large Standard-Size",2.6,2.72,5.47,0.31,"N/A","N/A","06/01/2025",134,6,0,1.36
"https://amazon.com/dp/B01MQWPUCQ","https://m.media-amazon.com/images/I/71F4De-RVmL._SX450_.jpg","B01MQWPUCQ","Deconovo Blackout Curtains Panels for Bedroom - Thermal Insulated Rod Pocket Room Darkening Drapes, Noise-Reducing Curtains, 42W x 63L Inch, Beige, 2 Panels","Deconovo","FBA","Home & Kitchen",21276,"N/A","N/A","N/A","N/A","Panels",31.79,4,1464,3,15,24181.73,80.66,14088,4.6,"Deconovo","China",1,0,"N/A","Large Standard-Size",2.48,9.06,12.64,2.09,142.99,394.45,"11/01/2024",103,7,500,0.1
"https://amazon.com/dp/B01MZ0AK0C","https://m.media-amazon.com/images/I/41Hjpvv5DGL._SX450_.jpg","B01MZ0AK0C","Deconovo Blackout Curtains Panels for Bedroom - Thermal Insulated Rod Pocket Room Darkening Drapes, Noise-Reducing Curtains, 42W x 63L Inch, Greyish White, 2 Panels","Deconovo","FBA","Home & Kitchen",21276,"N/A","N/A","N/A","N/A","Panels",26.21,-4,1464,6,15,24181.73,129.36,14088,4.6,"Deconovo","China",1,0,"N/A","Large Standard-Size",2.24,9.17,14.33,1.94,148.2,408.82,"11/01/2024",103,7,500,0.1
"https://amazon.com/dp/B01N4EMEI8","https://m.media-amazon.com/images/I/71a8PdJHDCL._SX450_.jpg","B01N4EMEI8","Deconovo Blackout Curtains Panels for Bedroom - Thermal Insulated Rod Pocket Room Darkening Drapes, Noise-Reducing Curtains, 42W x 63L Inch, Red, 2 Panels","Deconovo","FBA","Home & Kitchen",21276,"N/A","N/A","N/A","N/A","Panels",24.99,-17,1464,4,15,24181.73,96.4,14085,4.6,"Deconovo","China",1,0,"N/A","Large Standard-Size",2.24,8.94,13.11,2.01,132.18,364.63,"11/01/2024",103,6,500,0.1
"https://amazon.com/dp/B01871AHTC","https://m.media-amazon.com/images/I/81WMFRlYajL._SX450_.jpg","B01871AHTC","BESTVA 2025 Upgrade DC1000 Led Grow Light with High Yield Diodes Full Spectrum LED Grow Lights for Indoor Plants Greenhouse Veg Bloom Light Hydroponic Grow Lamp","BESTVA","FBA","Patio, Lawn & Garden",11659,745950001607,"N/A",0745950001607,"N/A","Growing Lamps",59.99,-8,1360,898,-48,127138.53,53891.97,4303,4.5,"BESTVA STORE","China",1,20138,"N/A","Large Standard-Size",3.43,9.65,16.1,4.21,267.84,738.88,"04/01/2025",116,6,4,0.32
"https://amazon.com/dp/B01LZAHT64","https://m.media-amazon.com/images/I/61DnG59y1wL._SX450_.jpg","B01LZAHT64","Emergency Tool LUXON 8-in-1 Car Safety Tool:Window Breaker,Seat Belt Cutter,LED Flashlight Rescue Tool USB Charger,SOS Light,Hand Cranking Charge,Magnetic,Siren Alarm for Vehicle Escape/Field Survival","LUXON","FBA","Automotive",142611,724999643245,"N/A",0724999643245,"N/A","Safety Kits",36.99,-15,41,13,-34,1445.52,480.67,671,4.6,"E-Lux","China",1,0,"N/A","Large Standard-Size",2.8,2.9,9.7,0.8,39.66,109.39,"03/01/2025",106,6,4,0.06
"https://amazon.com/dp/B01N26Y2ZX","https://m.media-amazon.com/images/I/814NR1hWedL._SX450_.jpg","B01N26Y2ZX","Food to Live - Organic Mango Cheeks, 3 Pounds Dried, Non-GMO, Kosher, Unsulphured, Unsweetened, Bulk","Food to Live","FBM","Grocery & Gourmet Food",143557,650181887954,"N/A",0650181887954,"N/A","Mangoes",71.9,-9,26,3,-62,1037.12,159.68,305,3.7,"Food To Live ®","USA",1,433,"N/A","Large Standard-Size",5.04,8.66,13.19,3.15,"N/A","N/A","04/01/2024",102,7,8,0.09
"https://amazon.com/dp/B000BNB208","https://m.media-amazon.com/images/I/81HTTCTx7bL._SX450_.jpg","B000BNB208","Faber-Castell Tracing Paper Pad - 40 Sheets (9 x 12 inches)","Faber-Castell","FBA","Arts, Crafts & Sewing",28022,092633700747,00092633700747,0092633700747,"N/A","Tracing Paper",9.99,6,167,4,-43,1087.75,40.06,4113,4.7,"Levitto","USA",3,4455,-10,"Small Standard-Size",0.28,8.98,12.01,0.44,15.2,41.94,"12/01/2024",237,5,6,0.04
"https://amazon.com/dp/B01LP3V1TY","https://m.media-amazon.com/images/I/81pH2A+zFLL._SX450_.jpg","B01LP3V1TY","Traditional Medicinals Tea, Organic Rose Hips & Hibiscus, Supports Everyday Wellness, 16 Tea Bags","Traditional Medicinals","Amazon","Grocery & Gourmet Food",2131,032917002532,10032917002539,0032917002532,"N/A","Herbal",5.56,8,5315,416,16,87809.54,2802.99,6585,4.6,"Amazon","N/A",17,31019,"N/A","Large Standard-Size",2.72,3.23,4.41,0.13,"N/A","N/A","05/01/2025",106,7,15,0.81
"https://amazon.com/dp/B00E1U4POW","https://m.media-amazon.com/images/I/51kMng3M+fL._SX450_.jpg","B00E1U4POW","Shaklee - Stress Relief Complex - Calming Blend of L-theanine, Ashwagandha, Beta-sitosterol, and L-tyrosine - Promotes Relaxation without Drowsiness - 1 Caplet Daily - Adults Supplement - 30 Caplets","Shaklee","FBA","Health & Household",79329,850030661098,00850030661098,0850030661098,"N/A","Blended Vitamin & Mineral Supplements",37.85,-11,194,191,-2,7341.5,7219.46,323,4.6,"Shaklee®","USA",1,1888,74,"Large Standard-Size",1.89,2.24,4.96,0.09,10.57,29.16,"09/01/2023",159,8,0,0.6
"https://amazon.com/dp/B00Q38X67W","https://m.media-amazon.com/images/I/61xYhudfPpL._SX450_.jpg","B00Q38X67W","Pelican Voyager Rugged Case with Kickstand Holster for iPhone 6/6s - Retail Packaging - Green & Gray","Pelican","FBA","Cell Phones & Accessories",291132,019428128050,00019428128050,0019428128050,"N/A","Basic Cases",12.15,-2,2,2,300,29.01,29.25,135,4.2,"alwayz-on-sale","USA",2,0,"N/A","Large Standard-Size",1.5,5,7.5,0.1,28.32,78.12,"11/01/2024",93,2,0,0.02
"https://amazon.com/dp/B01GZ45LMG","https://m.media-amazon.com/images/I/619GU6OEnRL._SX450_.jpg","B01GZ45LMG","Stella & Chewy's Freeze-Dried Raw Cat Dinner Morsels - Premium Turkey Recipe with 98% Farm-Raised Meat & Organs - Natural Grain-Free Cat & Kitten Food - Made in USA - 3.5 oz","Stella & Chewy's","Amazon","Pet Supplies",495,186011001141,00186011001141,0186011001141,"N/A","Freeze-Dried",10.99,3,17441,547,14,432116.52,6004.55,10463,4.2,"Amazon","N/A",1,224378,"N/A","Large Standard-Size",1.65,7.72,8.23,0.26,"N/A","N/A","07/01/2024",109,11,26,1.67
"https://amazon.com/dp/B00SP17XGU","https://m.media-amazon.com/images/I/71bD2JRvTcL._SX450_.jpg","B00SP17XGU","Peaceable Kingdom Scratch and Sniff Red Hot Dinos Cinnamon Scented Sticker Pack","Peaceable Kingdom","FBM","Toys & Games",1031381,643356054503,"N/A",0643356054503,"N/A","Stickers",8.99,33,0,0,-157,"-","-",11,4.2,"Prime Reserve","Canada",1,4,"N/A","Small Standard-Size",8,3.8,0.1,0.02,"N/A","N/A","11/01/2023",126,2,0,0
"https://amazon.com/dp/B00CEUSQ64","https://m.media-amazon.com/images/I/51N+TN2iYxL._SX450_.jpg","B00CEUSQ64","Coastal Pet K9 Explorer Reflective Braided Rope Snap Dog Leash - Heavy-Duty Leash - Comfortable & Secure Grip - Reflective Cord & Rugged Gunmetal Hardware - Campfire Orange, 1/2"" x 6'","Coastal","FBA","Pet Supplies",192962,076484362194,00076484362170,0076484362194,"N/A","Basic Leashes",27.99,-1,5,2,12,165.65,44.1,34,4.9,"Pattern.","USA",1,83,-45,"Large Standard-Size",6,3,2,0.45,18.12,50,"01/01/2024",142,7,6,0.14
"https://amazon.com/dp/B00QVPNZIM","https://m.media-amazon.com/images/I/81c7uQv7dIL._SX450_.jpg","B00QVPNZIM","Vet's Best Vet’s Best Comfort Fit Disposable Male Dog Diapers | Absorbent Male Wraps with Leak Proof Fit | Small, 12 Count","Vet's Best","Amazon","Pet Supplies",21336,764999872993,00031658104499,0764999872993,"N/A","Diapers",14.82,-8,305,168,12,4227.42,2492.62,6488,4.2,"Amazon","N/A",1,5392,-52,"Large Standard-Size",4.09,4.65,7.13,0.53,"N/A","N/A","08/01/2023",133,9,8,0.05
"https://amazon.com/dp/B01HMB15V2","https://m.media-amazon.com/images/I/61kgXMis8hS._SX450_.jpg","B01HMB15V2","Funko POP Heroes: DC - Batgirl 2016 Action Figure","Funko","FBM","Toys & Games",193644,889698108522,00889698108522,0889698108522,"N/A","Action Figures",19.98,-39,4,4,-36,71.92,71.64,278,4.6,"Anime 'N Games","USA",5,69,-15,"Large Standard-Size",3.63,4.5,6.38,0.25,"N/A","N/A","12/01/2023",109,4,0,0.01
"https://amazon.com/dp/B002N2GB3I","https://m.media-amazon.com/images/I/71EZAuVhZ+L._SX450_.jpg","B002N2GB3I","Dritz 29500 Petite Press Portable Mini Iron,White","Dritz","Amazon","Home & Kitchen",147096,"N/A","N/A",0072879304619,"N/A","Irons",26.39,-22,211,209,-23,5781.02,5742.75,1909,4.5,"Amazon","N/A",4,3278,-27,"Large Standard-Size",3.15,6.18,13.23,0.79,"N/A","N/A","12/01/2023",255,5,0,0.11
"https://amazon.com/dp/B00YFPBSD4","https://m.media-amazon.com/images/I/61EyowvqXxL._SX450_.jpg","B00YFPBSD4","Coastal Pet Li'l Pals Comfort Mesh Dog Harness - No-Pull Step-in Dog Harness for Small Dogs & Puppies - Dog Cooling Vest - Black - 3/8"" x 8""-10""","Coastal","FBM","Pet Supplies",419086,076484638350,"N/A",0076484638350,"N/A","Basic Halter Harnesses",29.69,-14,0,0,-131,"-","-",105,4.4,"Sales on fleet","USA",2,9,29,"Small Standard-Size",5.2,5.9,0.6,0.1,"N/A","N/A","04/01/2025",122,7,0,0
"https://amazon.com/dp/B0006JKCN0","https://m.media-amazon.com/images/I/81mAZ+6pG+L._SX450_.jpg","B0006JKCN0","KONG Frog Dog Toy, Extra Small, Green","KONG","FBA","Pet Supplies",111797,522180468482,00035585020303,5147841601487,"N/A","Chew Toys",7.94,35,5,5,-58,44.59,44.06,1014,4.2,"MCP Supplies","USA",2,170,4,"Small Standard-Size",0.7,2.4,6.3,0.04,5.33,14.7,"07/01/2024",253,3,0,0.01
"https://amazon.com/dp/B004JRR5BM","https://m.media-amazon.com/images/I/81LsBizFZuL._SX450_.jpg","B004JRR5BM","Aurora® Adorable Mini Flopsie™ Foxxie™ Stuffed Animal - Playful Ease - Timeless Companions - Orange 8 Inches","Aurora","FBA","Toys & Games",67,793631769162,00092943312906,5437543787016,"N/A","Stuffed Animals & Teddy Bears",9.75,8,17526,627,-15,161057.19,6368.87,69663,4.8,"Trinkets, Etc.","USA",4,107038,633,"Large Standard-Size",4.37,4.88,9.88,0.2,106.08,292.63,"05/01/2025",192,1,129,0.25
"https://amazon.com/dp/0805499547","https://m.media-amazon.com/images/I/61+KhRrhtnL._SX450_.jpg",0805499547,"Experiencing God: Knowing and Doing the Will of God (Workbook)","N/A","FBA","Books",506776,"N/A","N/A",9780805499544,0805499547,,60,-18,33,32,51,1682.05,1628.59,512,4.6,"TEC-HUB","USA",8,353,-41,"Small Standard-Size",10.9,8.5,0.6,1,27.99,77.21,"02/01/2024",242,1,0,0.06
"https://amazon.com/dp/0131339982","https://m.media-amazon.com/images/I/912Xz01MpTL._SX450_.jpg",0131339982,"Prentice Hall Math Algebra 2 Student Edition","Prentice Hall","FBA","Books",897335,"N/A",09780131339989,9780131339989,0131339982,"Early Childhood Education Materials",91,254,5,6,-33,376.69,390.91,103,4.4,"FindAnyBook","USA",6,47,18,"Large Standard-Size",10.9,8.7,1.6,4.8,76.39,210.73,"01/01/2025",223,3,0,0.05
"https://amazon.com/dp/1934076244","https://m.media-amazon.com/images/I/41eCoZeWp8L._SX450_.jpg",1934076244,"Eat What You Love, Love What You Eat: A Mindful Eating Program to Break Your Eat-Repent-Repeat Cycle","Am I Hungry? Publishing","FBM","Books",397143,"N/A",09781934076248,9781934076248,1934076244,"Other Diets",17.83,-38,20,19,-41,255.67,238.97,464,4.4,"WÖLF","USA",8,274,-41,"Large Standard-Size",0.87,5.98,9.02,1.21,"N/A","N/A","08/01/2023",166,2,0,0.04
"https://amazon.com/dp/007328047X","https://m.media-amazon.com/images/I/81Ey06tH2oL._SX450_.jpg","007328047X","American History: A Survey, 12th Edition (Book & CD-ROM) (A/P US HISTORY)","McGraw-Hill Education","FBA","Books",1057300,"N/A",09780073280479,9780073280479,"978-0073280479",,126.9,-40,1,1,-150,99.17,99.15,19,4.6,"Colemerig","USA",4,32,113,"Large Standard-Size",11,8.2,1.6,5.35,72.6,200.27,"11/01/2024",221,1,0,0.05
"https://amazon.com/dp/0312485972","https://m.media-amazon.com/images/I/71jhyGdyhjL._SX450_.jpg",0312485972,"Technical Communication","Bedford/St. Martin's","FBM","Books",4743881,"N/A",09780312485979,9780312485979,0312485972,"Communication",27.63,-10,0,0,,"-","-",44,4.1,"five star ten number","USA",7,10,150,"Large Standard-Size",1.42,7.87,9.02,2.53,"N/A","N/A","11/01/2024",197,5,0,0
"https://amazon.com/dp/1422157296","https://m.media-amazon.com/images/I/71nop4zUZ9L._SX450_.jpg",1422157296,"Buy-In: Saving Your Good Idea from Getting Shot Down","Harvard Business Review Press","Amazon","Books",256441,884224996826,09781422157299,9781422157299,1422157296,"Communications",13.23,-10,18,17,173,232.18,218.76,202,4.5,"Amazon","N/A",30,164,-23,"Large Standard-Size",0.79,5.83,8.58,0.73,"N/A","N/A","01/01/2024",184,1,0,0.09
"https://amazon.com/dp/0205805914","https://m.media-amazon.com/images/I/91-L1cpyNtL._SX450_.jpg",0205805914,"Development Across the Life Span (6th Edition)","Pearson","FBA","Books",6488759,"N/A",09780205805914,9780205805914,9780205805914,"Developmental Psychology",40,54,0,0,-88,"-","-",118,4.5,"Inked Pages","USA",3,66,3200,"Large Standard-Size",11,9.1,1.2,3.75,60.48,166.83,"04/01/2025",182,2,0,0
"https://amazon.com/dp/0155709127","https://m.media-amazon.com/images/I/91GRM2-uXiL._SX450_.jpg",0155709127,"Practical English 1, Second Edition (Student Book)","Heinle ELT","FBM","Books",2063105,"N/A",09780155709126,9780155709126,0155709127,"English as a Second Language",44.23,30,1,1,33,52.46,49.9,27,4.6,"SuperBookDeals---","USA",4,33,14,"Large Standard-Size",0.47,8.74,10.83,1.34,"N/A","N/A","12/01/2024",225,8,0,0.04
"https://amazon.com/dp/019518095X","https://m.media-amazon.com/images/I/71edCVppy+L._SX450_.jpg","019518095X","Soul Searching: The Religious and Spiritual Lives of American Teenagers","OXFORD UNIVERSITY PRESS","FBA","Books",1311743,"N/A",09780195180954,9780195180954,"019518095X","Teenagers",14.73,-40,1,1,-33,27.3,25.58,116,4.5,"YnsSeller","USA",29,50,-48,"Large Standard-Size",1.02,6.38,9.49,1.53,31.19,86.03,"04/01/2024",221,1,0,0.01
"https://amazon.com/dp/B01MR4F2FM","https://m.media-amazon.com/images/I/71EsbJAaVPL._SX450_.jpg","B01MR4F2FM","SB SOX Compression Socks for Men & Women (20-30 mmHg) - Best Support Stockings for Travel, Medical, and Sports - Perfect for Everyday Wear (Large, Black/Blue)","SB SOX","FBA","Health & Household",3274,"N/A","N/A","N/A","N/A","Socks",19.95,16,9373,266,-60,171998.05,5037.63,53322,4.4,"SB SOX","USA",1,202266,-20,"Large Standard-Size",1.18,6.42,9.8,0.24,37.41,103.2,"11/01/2023",101,7,83,0.18
"https://amazon.com/dp/B01NCU2IWD","https://m.media-amazon.com/images/I/71QBtFgWlUL._SX450_.jpg","B01NCU2IWD","SB SOX Compression Socks for Men & Women (20-30 mmHg) - Best Support Stockings for Travel, Medical, and Sports - Perfect for Everyday Wear (Small, Black/Pink)","SB SOX","FBA","Health & Household",3305,"N/A","N/A","N/A","N/A","Socks",19.95,37,9373,154,-60,171998.05,2922.28,53322,4.4,"SB SOX","USA",1,202266,-20,"Large Standard-Size",1.46,6.65,8.27,0.2,40.43,111.52,"11/01/2023",101,7,83,0.18
"https://amazon.com/dp/160810205X","https://m.media-amazon.com/images/I/512UVHIyUfL._SX450_.jpg","160810205X","Attitude The Remarkable of Optimism","N/A","FBM","Books",1581172,"N/A","N/A",9781608102051,"160810205X","N/A",14.6,-39,2,2,-56,24.04,23.93,13,4.6,"Gulf Coast Books LLC","USA",11,51,70,"Small Standard-Size",6.6,6.6,0.6,0.8,"N/A","N/A","09/01/2024",129,1,0,0.19
"https://amazon.com/dp/1627792120","https://m.media-amazon.com/images/I/91tK5sU9oOL._SX450_.jpg",1627792120,"Six of Crows (Six of Crows, 1)","Henry Holt and Co. (BYR)","Amazon","Books",28572,"N/A",09781627792127,9781627792127,"978-1627792127","Action & Adventure",12.33,-4,179,173,,2224.94,2151.83,48971,4.6,"Amazon","N/A",21,2600,-26,"Large Standard-Size",1.7,6.3,9.4,1.5,"N/A","N/A","12/01/2023",127,2,0,0
"https://amazon.com/dp/8898433018","https://m.media-amazon.com/images/I/41X3uY4IAEL._SX450_.jpg",8898433018,"The Italian Project: Student's book + workbook + DVD + CD-audio 1b","N/A","FBM","Books",6196100,"N/A","N/A",9788898433018,"978-8898433018","English as a Second Language",16.3,-30,0,0,-100,"-","-",21,4.2,"Second Bind","Canada",6,5,67,"Small Standard-Size",8.43,5.85,0.73,0.79,"N/A","N/A","11/01/2024",140,1,0,0
"https://amazon.com/dp/0307465233","https://m.media-amazon.com/images/I/519XgDmZ-8L._SX450_.jpg",0307465233,"Home Cooking with Trisha Yearwood: Stories and Recipes to Share with Family and Friends: A Cookbook","CROWN","FBA","Books",215878,"N/A",09780307465238,9780307465238,9780307465238,"Quick & Easy",16.68,-16,11,11,-23,197.42,184.37,1914,4.7,"Windflower Bookstore","USA",24,391,-50,"Large Standard-Size",0.83,7.8,10.28,2.07,33.34,91.98,"04/01/2024",192,1,0,0.01
"https://amazon.com/dp/B01DY8NF6A","https://m.media-amazon.com/images/I/713yiRqfEIL._SX450_.jpg","B01DY8NF6A","BSN SYNTHA-6 Edge Protein Powder, Vanilla Protein Powder with Hydrolyzed Whey, Micellar Casein, Milk Protein Isolate, Low Sugar, 24g Protein, Vanilla Milkshake, 28 Servings","BSN","Amazon","Health & Household",56273,834266004454,00834266004454,0834266004454,"N/A","Whey",42.99,-7,240,243,,10176.56,10332.7,542,4.7,"Amazon","N/A",3,0,"N/A","Large Standard-Size",5.83,5.91,9.92,2.8,"N/A","N/A","05/01/2025",111,8,0,0.44
"https://amazon.com/dp/B01N7V26LU","https://m.media-amazon.com/images/I/71j9g7TVkZL._SX450_.jpg","B01N7V26LU","GoodSense Rapid Release Pain Relief, Acetaminophen Caplets 500 mg, Extra Strength Pain Reliever and Fever Reducer, 100 Count","GoodSense","Amazon","Health & Household",61777,301130025780,"N/A",0301130025780,"N/A","Acetaminophen",6.76,-7,387,387,-26,2619.3,2619.15,446,4.6,"Amazon","N/A",1,5397,-21,"Large Standard-Size",2.05,2.2,4.21,0.22,"N/A","N/A","12/01/2023",102,2,0,0.88
"https://amazon.com/dp/B00005UF2D","https://m.media-amazon.com/images/I/31JxYUBCsZL._SX450_.jpg","B00005UF2D","Wrapped in Stillness (Sacred Spa Music Series)","REAL MUSIC.","FBM","CDs & Vinyl",333925,046286345725,00046286345725,0046286345725,"N/A","Meditation",11.22,-79,12,12,157,50.41,50.22,12,4.5,"CREOCITY STORE","India",1,109,990,"Small Standard-Size",5.6,5,0.4,0.1,"N/A","N/A","12/01/2024",225,1,0,1
"https://amazon.com/dp/B000HNMHWO","https://m.media-amazon.com/images/I/610wLm9QdkL._SX450_.jpg","B000HNMHWO","Rothco 2-Sided Security Long Sleeve T-Shirt (US, Alpha, XX-Large, Regular, Regular, Black)","Rothco","FBA","Clothing, Shoes & Jewelry",1103904,613902022300,00613902022300,0613902022300,"N/A","Tops",20.99,-1,5,0,-40,92.1,"-",841,4.4,"SPLG Products","USA",6,222,-78,"Large Standard-Size",8,4.3,2.3,0.65,39.83,109.89,"10/01/2023",227,5,7,0.01
"https://amazon.com/dp/B00726880E","https://m.media-amazon.com/images/I/419PgvVuXdL._SX450_.jpg","B00726880E","Rothco G.I. Type Black Steel Toe Jungle Boot, 12","Rothco","FBA","Clothing, Shoes & Jewelry",466360,613902578173,00613902578173,0613902578173,"N/A","Military & Tactical",57.99,-4,23,3,-1,1312.09,154.66,38,3.2,"SPLG Products","USA",6,0,"N/A","Large Standard-Size",11.3,14.2,5,3.85,403.94,1114.31,"05/01/2025",162,5,8,0.59
"https://amazon.com/dp/B000GWXTQY","https://m.media-amazon.com/images/I/61bm5AalZKL._SX450_.jpg","B000GWXTQY","Rothco Canvas Travel Kit Bag Toiletry Bag Dopp Kit, Black","Rothco","FBA","Clothing, Shoes & Jewelry",199020,613902812611,00613902812611,0613902812611,"N/A","Sports Duffels",12.12,-19,107,4,-38,1284.1,43.19,365,4.6,"SPLG Products","USA",6,1320,-11,"Large Standard-Size",1.93,6.02,11.93,0.42,69.79,192.51,"08/01/2023",285,2,7,0.29
"https://amazon.com/dp/B000KCY8SS","https://m.media-amazon.com/images/I/61ZjcUj3cuL._SX450_.jpg","B000KCY8SS","Rothco Relaxed Fit Zipper Fly BDU Pants - Black (US, Alpha, 3X-Large, Regular, Regular, Black)","Rothco","FBA","Clothing, Shoes & Jewelry",168401,613902297319,"N/A",0613902297319,"N/A","Pants",47.99,7,138,0,-49,5843.95,"-",1867,4.3,"BIGFLY","USA",6,1334,"N/A","Large Standard-Size",11.5,8.5,2.5,1.85,123.04,339.41,"03/01/2024",285,7,85,0.07
"https://amazon.com/dp/B01BO6Q6YW","https://m.media-amazon.com/images/I/51x+myJuq-L._SX450_.jpg","B01BO6Q6YW","Rothco Womens Camo Workout Performance Tank Top, Woodland Camo, X-Small","Rothco","FBA","Clothing, Shoes & Jewelry",1052594,613902408012,00613902408012,0613902408012,"N/A","Women",13.45,-9,8,1,56,131.11,19,19,3.2,"BIGFLY","USA",6,55,-75,"Large Standard-Size",8,6.5,1.9,0.25,49.74,137.22,"07/01/2023",113,3,12,0.43
"https://amazon.com/dp/B00YHXBXN4","https://m.media-amazon.com/images/I/91meRLyTG5L._SX450_.jpg","B00YHXBXN4","Army Universe Red Camouflage Tactical BDU Shorts Button Fly Camo Cargo Shorts,Size XX-Large (Waist 43-47"")","Army Universe","FBM","Clothing, Shoes & Jewelry",536046,191818011323,"N/A",6310066985536,"N/A","Pants",35.99,-1,43,0,125,1474.28,"-",332,4.1,"Army Universe","USA",1,191,"N/A","N/A","N/A","N/A","N/A","N/A","N/A","N/A","06/01/2025",108,3,139,0.13
"https://amazon.com/dp/B002MZNV02","https://m.media-amazon.com/images/I/81HS+4I6gpL._SX450_.jpg","B002MZNV02","Rothco Boonie Hat with Mosquito Netting, Woodland Camo, 7.5","Rothco","FBA","Sports & Outdoors",142294,613902583320,"N/A",0613902583320,"N/A","Fishing Hats",22.99,-7,44,2,,1002.2,49.18,458,4.3,"SPLG Products","USA",9,0,"N/A","Large Standard-Size",7.6,3.1,2.4,0.02,28.47,78.53,"05/01/2025",223,7,14,0.1
"https://amazon.com/dp/B00BJM7A38","https://m.media-amazon.com/images/I/6170HIAN-LL._SX450_.jpg","B00BJM7A38","ARMYU Military Dog Tag Silencers Round Silicone Rubbers Set (Navy Blue)","Army Universe","FBM","Pet Supplies",66114,"N/A","N/A","N/A","N/A","ID Tags",6.99,-5,47,2,128,332.65,11.63,581,4.1,"Army Universe","USA",1,516,-42,"N/A","N/A","N/A","N/A","N/A","N/A","N/A","08/01/2023",134,6,36,0.08
"https://amazon.com/dp/B00O38FMBW","https://m.media-amazon.com/images/I/71lVgUICUUL._SX450_.jpg","B00O38FMBW","Rothco Boonie Hat, Red Camo, Size 7","Rothco","FBA","Sports & Outdoors",5574,613902955486,00613902955486,0613902955486,"N/A","Fishing Hats",16.99,-14,1544,2,175,26434.14,30.17,1038,4.6,"SPLG Products","USA",8,10260,45,"Large Standard-Size",8,1.8,2.3,0.35,16.68,46,"07/01/2024",129,6,100,1.49
"https://amazon.com/dp/B000IS0RSO","https://m.media-amazon.com/images/I/41c-+eKWDYL._SX450_.jpg","B000IS0RSO","Gi Type Desert Tan Boot 10 US","Rothco","FBM","Clothing, Shoes & Jewelry",441399,613902505773,00613902505773,0613902505773,"N/A","Boots",63.99,-6,35,2,-18,2185.73,134.21,130,3.1,"Go Commando Gear","USA",5,488,-48,"Large Standard-Size",4.6,13.3,14.4,3.2,"N/A","N/A","10/01/2023",226,5,30,0.27
"https://amazon.com/dp/B000E99ROM","https://m.media-amazon.com/images/I/61d7tudAW8L._SX450_.jpg","B000E99ROM","Rothco Military Web Belt Tips - Bag of 100 (Black)","Rothco","FBA","Clothing, Shoes & Jewelry",2422160,613902407008,00613902407008,0613902407008,"N/A","Belts",16.49,-1,1,0,33,18.98,"-",13,4.3,"SPLG Products","USA",5,0,"N/A","Large Standard-Size",1.18,5.75,6.57,0.55,22.44,61.91,"02/01/2025",204,1,3,0.09
"https://amazon.com/dp/B00YHXAVOQ","https://m.media-amazon.com/images/I/A1uDHpL8dZL._SX450_.jpg","B00YHXAVOQ","Army Universe Sky Blue Digital Camouflage Tactical BDU Shorts Button Fly Camo Cargo Shorts,Size X-Large (Waist 39-43"")","Army Universe","FBM","Clothing, Shoes & Jewelry",536442,191818011132,"N/A",6310066985345,"N/A","Pants",33.99,-11,43,0,125,1474.28,"-",332,4.1,"Army Universe","USA",1,191,"N/A","N/A","N/A","N/A","N/A","N/A","N/A","N/A","06/01/2025",108,3,139,0.13
"https://amazon.com/dp/B007TBMJ3O","https://m.media-amazon.com/images/I/71q9qAtpTCL._SX450_.jpg","B007TBMJ3O","500 Pack of G.I. P-38 Can Openers","Shelby","FBM","Kitchen & Dining",963125,765453967880,"N/A",0765453967880,"N/A","Manual",259.9,-4,0,0,,"-","-",15,4.9,"Bainbridge Professional Services","USA",1,6,-67,"Large Standard-Size",4.75,5.5,7,5.05,"N/A","N/A","08/01/2023",159,3,0,0
"https://amazon.com/dp/B00YHX9TMQ","https://m.media-amazon.com/images/I/91OWmCmOMUL._SX450_.jpg","B00YHX9TMQ","Army Universe Purple Camouflage Tactical BDU Shorts Button Fly Camo Cargo Shorts,Size Large (Waist 35-39"")","Army Universe","FBM","Clothing, Shoes & Jewelry",536442,191818010944,"N/A",6310066985154,"N/A","Pants",33.99,-5,43,0,125,1474.28,"-",332,4.1,"Army Universe","USA",1,191,"N/A","N/A","N/A","N/A","N/A","N/A","N/A","N/A","06/01/2025",108,3,139,0.13
"https://amazon.com/dp/B00IOUKKAI","https://m.media-amazon.com/images/I/71mauJxPrEL._SX450_.jpg","B00IOUKKAI","Rothco Black 3 in 1 Convertible Mission Bag","Rothco","FBM","Sports & Outdoors",420211,613902235007,00613902235007,0613902235007,"N/A","Tactical Backpacks",114.99,-12,1,1,,"-",129.4,1421,4.7,"Army Universe","USA",4,0,"N/A","Large bulky",7.1,9.2,18.8,4.55,"N/A","N/A","06/01/2025",137,9,0,0
"https://amazon.com/dp/B0165Q1QAU","https://m.media-amazon.com/images/I/91bRkwYs09L._SX450_.jpg","B0165Q1QAU","HFT Color Coded Key Rings, 12 Pc.","HFT","FBM","Clothing, Shoes & Jewelry",1435968,792363697262,"N/A",0792363697262,"N/A","Keyrings & Keychains",8.98,-12,0,0,,"-","-",4,2.4,"Security Engineering","USA",4,1,"N/A","Small Standard-Size",3.6,3.8,0.5,0.02,"N/A","N/A","05/01/2024",117,2,0,0
"https://amazon.com/dp/B01AB15HOG","https://m.media-amazon.com/images/I/512z0Mha8jL._SX450_.jpg","B01AB15HOG","Ray-Ban RB3025 Aviator Sunglasses Arista Gold w/Blue Gradient (001/3F) 3025 58mm Authentic, 58 mm","Ray-Ban","FBM","Clothing, Shoes & Jewelry",2646785,706795056122,"N/A",8052896282178,"N/A","Sunglasses",207,8,3,3,600,633.86,633.81,35,3.6,"The Boutique Shop","USA",2,13,-54,"Large Standard-Size",2.32,7.72,10.31,0.37,"N/A","N/A","11/01/2023",129,5,0,0.09
"https://amazon.com/dp/B01AOP8RYQ","https://m.media-amazon.com/images/I/81afmAflYLL._SX450_.jpg","B01AOP8RYQ","Koepoe-koepoe Pandan Paste, 30ml (Pack of 3)","Koepoe Koepoe","FBA","Grocery & Gourmet Food",173902,"N/A","N/A",8992984831713,"N/A","Food Coloring",7.45,1,4,4,-121,32.11,31.93,100,4.3,"Sun Lee Wholesale","USA",1,895,"N/A","Large Standard-Size",1.18,3.19,3.39,0.29,6.42,17.72,"07/01/2024",113,5,0,0.04
"https://amazon.com/dp/B000GCQXO4","https://m.media-amazon.com/images/I/51jxHO-i1oL._SX450_.jpg","B000GCQXO4","L'Oreal Paris Excellence Creme Permanent Triple Care Hair Color, 3 Natural Black, Gray Coverage For Up to 8 Weeks, All Hair Types, Pack of 1","L'Oreal Paris","Amazon","Beauty & Personal Care",71,071249210512,"N/A",0071249210512,"N/A","Hair Color",7.97,-10,83820,2844,7,1105834.91,22635.22,56983,4.6,"Amazon","N/A",5,0,"N/A","Large Standard-Size",2.7,3.6,6.6,0.55,"N/A","N/A","05/01/2025",220,8,51,1.47
"https://amazon.com/dp/B000UTKMDQ","https://m.media-amazon.com/images/I/51BinHYNkWL._SX450_.jpg","B000UTKMDQ","Lamy 2000 4 Color Ballpoint with Brushed Ss Clip (L401)","Lamy","FBM","Office Products",73746,793187151138,07426923287206,7426923287206,"N/A","Ballpoint Pens",69.55,-10,50,49,39,3528.69,3478.75,1592,4.5,"Amazon Germany","Germany",7,767,"N/A","Large Standard-Size",1.65,5.24,7.56,0.33,"N/A","N/A","01/01/2025",255,5,1,0.03
"https://amazon.com/dp/B00ZZD92VU","https://m.media-amazon.com/images/I/71dX413JSxL._SX450_.jpg","B00ZZD92VU","MassageGlo Back Scrubber New Exfoliating Loofah Pads | Better Sponge for Luxury Bath and Shower | Natural Blackhead Remover for Men, Women and Teens | Best Acne Treatment | Better Cleaner Than Brush","MassageGlo","Amazon","Beauty & Personal Care",1023856,794168440722,"N/A",0794168440722,"N/A","Loofahs",8.71,"N/A",0,0,,"-","-",129,2.8,"Amazon","N/A",1,0,"N/A","Large Standard-Size",1.65,5.47,16.18,0.33,"N/A","N/A","05/01/2025",121,7,0,0
"https://amazon.com/dp/B00V3SBSJA","https://m.media-amazon.com/images/I/71uWYw85fLL._SX450_.jpg","B00V3SBSJA","Ravenox FMS Heavy Duty Single Hole Plastic Cord Lock Clamp Toggle Stop Slider for Paracord, Bungee Cord, Accessory Cordage, Drawstrings - Indoor/Outdoor Use - Multiple Colors (10 Pack)(Gold)","Ravenox","FBA","Arts, Crafts & Sewing",441095,810437025886,"N/A",0810437025886,"N/A","Cord Locks",10.88,-7,4,0,433,58.61,"-",358,4.4,"Ravenox","USA",1,39,-25,"Small Standard-Size",3,3.3,0.7,0.05,3.49,9.63,"08/01/2024",124,4,122,0.01
"https://amazon.com/dp/B01EBJ0GOU","https://m.media-amazon.com/images/I/71HxLE+keXL._SX450_.jpg","B01EBJ0GOU","Ravenox Fms All Purpose Solid Braid Cord for Crafts, Sports, Landscaping, Horse Tack, Pets & Decor (Gold)(1/2 inch x 50 feet) Made in USA","Ravenox","FBA","Sports & Outdoors",186577,815202028406,"N/A",0815202028406,"N/A","Dock Lines & Rope",44.14,-17,17,0,-24,466.58,"-",805,4.6,"Ravenox","USA",1,447,-77,"Large Standard-Size",2,10.5,10.5,0.04,111.02,306.25,"11/01/2023",111,8,586,0.02
"https://amazon.com/dp/188068537X","https://m.media-amazon.com/images/I/61zKa4eh1mL._SX450_.jpg","188068537X","No Limit Hold 'em: Theory and Practice (The Theory of Poker Series)","Two Plus Two Pub.","Amazon","Books",799953,"N/A",09781880685372,9781880685372,"188068537X","Poker",29.95,-13,17,16,69,497.31,467.55,241,4.6,"Amazon","N/A",9,226,-14,"Large Standard-Size",0.87,5.51,8.43,1.04,"N/A","N/A","04/01/2024",225,1,0,0.07
"https://amazon.com/dp/0879800429","https://m.media-amazon.com/images/I/71MaMAPNp7L._SX450_.jpg",0879800429,"A Guide to Rational Living","Wilshire Book Company","Amazon","Books",45428,"N/A",09780879800420,9780879800420,"978-0879800420","Happiness",14.73,-7,104,104,-4,1530.93,1529.81,628,4.6,"Amazon","N/A",15,1401,-19,"Large Standard-Size",0.79,5.43,8.19,0.86,"N/A","N/A","08/01/2023",223,1,0,0.17
"https://amazon.com/dp/0307278441","https://m.media-amazon.com/images/I/71QJXHCMU9L._SX450_.jpg",0307278441,"The Bluest Eye (Vintage International)","Vintage","Amazon","Books",2419,"N/A",09780307278449,9780307278449,"978-0307278449","Contemporary",7.88,-8,1306,1306,-44,10290.08,10289.97,16979,4.5,"Amazon","N/A",31,23204,17,"Small Standard-Size",0.55,5.16,7.95,0.4,"N/A","N/A","01/01/2025",221,1,0,0.08
"https://amazon.com/dp/1935166301","https://m.media-amazon.com/images/I/61i29LpI1EL._SX450_.jpg",1935166301,"In Sheep's Clothing: Understanding and Dealing with Manipulative People","Parkhurst Brothers Inc Pub","Amazon","Books",27019,"N/A",09781935166306,9781935166306,"978-1935166306","Interpersonal Relations",13.69,-15,153,153,-18,2070.37,2069.01,3610,4.6,"Amazon","N/A",19,2946,-15,"Small Standard-Size",0.75,5.59,8.62,0.42,"N/A","N/A","01/01/2024",185,5,0,0.04
"https://amazon.com/dp/0872208095","https://m.media-amazon.com/images/I/71OIBwCD6OL._SX450_.jpg",0872208095,"The Practice of Virtue: Classic and Contemporary Readings in Virtue Ethics","HACKETT PUB CO INC","Amazon","Books",3263137,"N/A",09780872208094,9780872208094,0872208095,"Ethics & Morality",33.49,-3,0,0,-100,"-","-",3,5,"Amazon","N/A",3,12,200,"Small Standard-Size",0.63,5.51,8.43,0.67,"N/A","N/A","01/01/2024",225,2,0,0
"https://amazon.com/dp/0060956658","https://m.media-amazon.com/images/I/81tF-KMbszL._SX450_.jpg",0060956658,"Only Yesterday: An Informal History of the 1920s (Harper Perennial Modern Classics)","Harper Perennial","Amazon","Books",132036,"N/A",09780060956653,9780060956653,"978-0060956653","Mexico",8.49,-15,32,32,6,372.14,377.58,973,4.3,"Amazon","N/A",18,674,1,"Large Standard-Size",1.02,5.24,7.95,0.59,"N/A","N/A","01/01/2024",228,1,0,0.03
"https://amazon.com/dp/0809296748","https://m.media-amazon.com/images/I/41MCa8JnSWL._SX450_.jpg",0809296748,"Mind Gym : An Athlete's Guide to Inner Excellence","McGraw-Hill Education","FBA","Books",641462,"N/A","N/A",9780809296743,"978-0809296743","Sports Psychology",23.55,"N/A",121,121,,6303.09,6302.76,2328,4.6,"MbBooks","USA",1,157,324,"Large Standard-Size",0.87,5.35,7.32,0.75,17.1,47.17,"06/01/2025",253,1,0,0.05
"https://amazon.com/dp/0142002100","https://m.media-amazon.com/images/I/510YgOzTPrL._SX450_.jpg",0142002100,"American Colonies: The Settling of North America, Vol. 1","Penguin Books","Amazon","Books",25513,"N/A",09780142002100,9780142002100,"978-0142002100","Native American",13.99,-23,176,173,135,2444.42,2404.04,1034,4.5,"Amazon","N/A",41,1759,-10,"Large Standard-Size",1.18,6.22,9.25,1.19,"N/A","N/A","08/01/2023",276,1,0,0.17
"https://amazon.com/dp/0195391357","https://m.media-amazon.com/images/I/614AVc4ECZL._SX450_.jpg",0195391357,"The Past in Perspective: An Introduction to Human Prehistory","OXFORD UNIVERSITY PRESS","FBA","Books",3246547,"N/A",09780195391350,9780195391350,0195391357,,24.02,-33,0,0,,"-","-",31,4.4,"Always Best Dealz LLC","USA",3,26,53,"Large Standard-Size",9.1,7.4,0.9,1.85,30.51,84.18,"01/01/2025",178,1,0,0
"https://amazon.com/dp/0801474116","https://m.media-amazon.com/images/I/71lhDG7vW9S._SX450_.jpg",0801474116,"The Peace of Illusions: American Grand Strategy from 1940 to the Present (Cornell Studies in Security Affairs)","Cornell University Press","Amazon","Books",2222325,000801474116,09780801474118,9780801474118,0801474116,"Arms Control",25.61,-22,0,0,-133,"-","-",15,4.5,"Amazon","N/A",18,37,-14,"Large Standard-Size",0.94,6.02,9.13,0.95,"N/A","N/A","08/01/2023",218,1,0,0
"https://amazon.com/dp/0521357454","https://m.media-amazon.com/images/I/719f+g7UOCL._SX450_.jpg",0521357454,"That Noble Dream: The 'Objectivity Question' and the American Historical Profession (Ideas in Context, Series Number 13)","Cambridge University Press","Amazon","Books",224103,"N/A",09780521357456,9780521357456,0521357454,"Historiography",21.99,-17,13,13,-35,308.55,308.3,88,4.4,"Amazon","N/A",16,215,-17,"Large Standard-Size",1.66,6,9,2.41,"N/A","N/A","08/01/2023",224,1,0,0.15
"https://amazon.com/dp/0805395695","https://m.media-amazon.com/images/I/71wRqbAx5eL._SX450_.jpg",0805395695,"Human Anatomy & Physiology","Benjamin Cummings","FBA","Books",976287,"N/A",09780805395693,9780805395693,0805395695,"Physiology",27.34,-31,8,8,33,461.39,461.24,683,4.6,"DeSa Books USA","USA",14,69,-35,"Large Standard-Size",1.85,9.41,11.22,6.13,98.36,271.34,"08/01/2023",202,4,0,0.01
"https://amazon.com/dp/B006EB1Q66","https://m.media-amazon.com/images/I/91bCOBICydL._SX450_.jpg","B006EB1Q66","Inca's Food Aderezo de Pollo a la Brasa - Peruvian Chicken Marinade - 10.5 ounces","Inca's Food","FBA","Grocery & Gourmet Food",44505,729955572157,"N/A",0729955572157,"N/A","Seasoning Mixes",7.1,-21,172,168,6,1290.55,1264.21,312,4.2,"JF Distributions","USA",7,1440,16,"Large Standard-Size",4.17,5.28,6.81,1.19,75.49,208.25,"05/01/2025",164,5,0,0.55
"https://amazon.com/dp/0312238975","https://m.media-amazon.com/images/I/61LbwSi-weL._SX450_.jpg",0312238975,"Sacred Language, Ordinary People: Dilemmas of Culture and Politics in Egypt","MACMILLAN","Amazon","Books",3686429,"N/A",09780312238971,9780312238971,0312238975,"Sociology",54.99,-13,0,0,-133,"-","-",4,5,"Amazon","N/A",9,36,227,"Small Standard-Size",7.94,6.08,0.44,0.5,"N/A","N/A","12/01/2024",221,1,0,0
"https://amazon.com/dp/0811211355","https://m.media-amazon.com/images/I/617hmH2-HwL._SX450_.jpg",0811211355,"The Theatre of Tennessee Williams, Vol. 1: Battle of Angels / The Glass Menagerie / A Streetcar Named Desire","New Directions","Amazon","Books",628777,"N/A",09780811211352,9780811211352,9780811211352,"United States",18.36,-23,8,8,-5,148.28,142.86,31,4.8,"Amazon","N/A",17,171,80,"Large Standard-Size",1.18,5.16,7.99,0.86,"N/A","N/A","11/01/2024",224,1,0,0.26
"https://amazon.com/dp/0205687938","https://m.media-amazon.com/images/I/61ahg6HN-JL._SX450_.jpg",0205687938,"Development Through the Lifespan (5th Edition)","Pearson","FBA","Books",1258996,"N/A",09780205687930,9780205687930,0205687938,"Psychology & Counseling",12.93,-29,1,2,,21.97,27.24,197,4.3,"CAPTAIN KA LLC","USA",8,25,-42,"Large Standard-Size",1.3,8.78,11.1,3.97,63.76,175.89,"01/01/2024",199,3,0,0.01
"https://amazon.com/dp/0387287949","https://m.media-amazon.com/images/I/610cTaCZaPL._SX450_.jpg",0387287949,"Gynecologic Cancer (MD Anderson Cancer Care Series, 5)","Springer","Amazon","Books",7220988,"N/A",09780387287942,9780387287942,9780387287942,,54.99,-5,0,0,-143,"-","-",4,3.4,"Amazon","N/A",19,11,1000,"Large Standard-Size",8.9,6,0.8,1.15,"N/A","N/A","12/01/2024",226,1,0,0
"https://amazon.com/dp/0192880195","https://m.media-amazon.com/images/I/51w-UgOApnL._SX450_.jpg",0192880195,"Sexuality (Oxford Readers)","OXFORD UNIVERSITY PRESS","FBA","Books",3656518,"N/A",09780192880192,9780192880192,0192880195,,60.59,1741,0,0,-100,"-","-",9,4.7,"🚀QuickyShipper📚","USA",8,9,-40,"Large Standard-Size",1.31,6,9.25,1.96,36.6,100.98,"04/01/2024",221,1,0,0
"https://amazon.com/dp/0763784583","https://m.media-amazon.com/images/I/61fvjE-s3TL._SX450_.jpg",0763784583,"Health Care USA: Understanding Its Organization and Delivery, Seventh Edition","Jones & Bartlett Learning","FBA","Books",2430483,"N/A",09780763784584,9780763784584,"978-0763784584","Social Services & Welfare",28.78,69,1,1,33,43.42,42.33,92,4.2,"JTN OUTLET LLC","USA",3,61,369,"Large Standard-Size",1.02,6.06,8.98,1.45,28.05,77.37,"03/01/2025",184,2,0,0.01
"https://amazon.com/dp/0415974127","https://m.media-amazon.com/images/I/516Ml1LqlRL._SX450_.jpg",0415974127,"Installation Art","N/A","FBA","Books",3372134,"N/A",09780415974127,9780415974127,"978-0415974127",,32.29,"N/A",0,0,,"-","-",41,4.5,"nile depot","USA",0,0,"N/A","Large Standard-Size",10.6,8.2,0.6,1.3,26.19,72.24,"03/01/2025",221,1,0,0
"https://amazon.com/dp/0495898007","https://m.media-amazon.com/images/I/71e678IMBML._SX450_.jpg",0495898007,"Perrine's Story and Structure: An Introduction to Fiction","Cengage Learning","FBA","Books",3706364,"N/A",09780495898009,9780495898009,0495898007,"Language Experience Approach",51.54,99,0,0,-100,"-","-",29,4.4,"SUNSHINEBOOKS1144","USA",8,6,100,"Large Standard-Size",8.5,5.5,1.1,1.45,25.89,71.42,"04/01/2025",179,2,0,0
"https://amazon.com/dp/0399536108","https://m.media-amazon.com/images/I/71P8cf6EXHL._SX450_.jpg",0399536108,"The Art of Non-Conformity: Set Your Own Rules, Live the Life You Want, and Change the World (Perigee Book.)","TarcherPerigee","Amazon","Books",389727,884121779003,09780399536106,9780399536106,"978-0399536106","Guides",15.39,-16,18,18,-9,283.04,282.84,964,4.4,"Amazon","N/A",16,181,-21,"Small Standard-Size",0.71,5.47,7.44,0.46,"N/A","N/A","12/01/2023",184,1,0,0.02
"https://amazon.com/dp/0691068364","https://m.media-amazon.com/images/I/91pOMRqy6tL._SX450_.jpg",0691068364,"The Ancient Mariners: Seafarers and Sea Fighters of the Mediterranean in Ancient Times","Princeton University Press","FBA","Books",1379753,"N/A",09780691068367,9780691068367,0691068364,"Ancient Civilizations",33,12,3,3,,95.28,86.78,42,4.8,"Bookworm_CT","USA",3,8,-58,"Large Standard-Size",9.3,6.3,1.1,1.4,32.45,89.51,"03/01/2024",224,1,0,0.07
"https://amazon.com/dp/B01M7UFLP5","https://m.media-amazon.com/images/I/81E-DfMtjYL._SX450_.jpg","B01M7UFLP5","Miniature Paint Brushes Set. Paint by Numbers for Adults 12pc Small Fine Tip Micro Detail Kit. Watercolor, Oil, Gouache Craft, Miniature Model, Professional Artist Art Paintbrush for Acrylic Painting","D'Artisan Shoppe","FBA","Arts, Crafts & Sewing",60808,"N/A","N/A",9413000030051,"N/A","Paintbrush Sets",16.99,-47,30,30,-71,478.75,483.36,4609,4.7,"Chloe's Online Store","New Zealand",1,1751,-36,"Large Standard-Size",2.2,9.76,11.73,0.2,127.15,350.77,"12/01/2023",105,7,0,0.01
"https://amazon.com/dp/B00006IV4T","https://m.media-amazon.com/images/I/61D3Hm2jl-L._SX450_.jpg","B00006IV4T","Toastmaster Electric Carving Knife","Toastmaster","FBM","Kitchen & Dining",1799783,048109346650,00048109346650,5898405970692,"N/A","Electric Knives",39.88,53,0,0,,"-","-",61,3.2,"BEACON HILL  (  ALL Serial NUMBERS recorded)","USA",2,2,-90,"Large Standard-Size",11,4,3,1.8,"N/A","N/A","12/01/2023",172,9,0,0
"https://amazon.com/dp/B0000TN7ME","https://m.media-amazon.com/images/I/41E6PiYX4OL._SX450_.jpg","B0000TN7ME","Vicks Warm Steam Vaporizer, Small to Medium Rooms, 1.5 Gallon Tank – Warm Mist Humidifier for Baby and Kids Rooms with Night Light, Works with Vicks VapoPads and VapoSteam","Vicks","Amazon","Health & Household",10619,328785101508,00328785101508,0328785101508,"N/A","Cold & Flu Relief",17.98,-9,4622,4463,-59,81736.4,78829.79,11346,4.2,"Amazon","N/A",10,120918,"N/A","Large Standard-Size",7.8,11.42,12.52,2.54,"N/A","N/A","01/01/2025",221,9,2,0.41
"https://amazon.com/dp/B003P90KMG","https://m.media-amazon.com/images/I/81ppQ9p+OJL._SX450_.jpg","B003P90KMG","Tone Fitness Stability Ball / Exercise Ball | Exercise Equipment, Pink, 55 Centimeters","Tone Fitness","Amazon","Sports & Outdoors",219880,702556004210,00702556004210,0702556004210,"N/A","Exercise Balls",19.15,-6,3,2,-47,64.97,45.58,1466,4.4,"Amazon","N/A",1,251,-58,"Large Standard-Size",4.06,8.98,11.61,2.23,"N/A","N/A","01/01/2024",182,4,2,0
"https://amazon.com/dp/B010SFU218","https://m.media-amazon.com/images/I/81jNmPAE8sL._SX450_.jpg","B010SFU218","Marvel Venom Build-a-Figure Legends Series Spider-Man Peter Parker 6-Inch Figure","Spider-Man","FBM","Toys & Games",538852,653569960294,00630509402694,0653569960294,"N/A","Action Figures",99.99,-15,5,5,350,499.5,512.85,190,4.4,"Empire of the Senses","USA",6,31,-3,"Large Standard-Size",2.4,6.18,10.43,0.42,"N/A","N/A","11/01/2024",121,2,0,0.03
"https://amazon.com/dp/B00N87WLMW","https://m.media-amazon.com/images/I/21DqDRcgT6L._SX450_.jpg","B00N87WLMW","Ozark Trail 10' x 10' Gazebo Canopy - Red Color. Includes: 10 Feet X 10 Feet Canopy Top and Carrying Bag With Handle and Zipper. Frame Not Included","OZARK TRAIL","FBM","Patio, Lawn & Garden",573870,748252618610,"N/A",0748252618610,"N/A","Gazebos",79.97,21,2,2,1000,119.77,109.99,309,4.4,"Bomb Brands ✔","USA",1,58,-59,"Large Standard-Size",5.63,12.6,13.15,4.94,"N/A","N/A","07/01/2023",107,7,0,0.01
"https://amazon.com/dp/B01LXNGINK","https://m.media-amazon.com/images/I/714FGZnyR9L._SX450_.jpg","B01LXNGINK","Earth Pak Waterproof Dry Bag - Roll Top Waterproof Backpack Sack Keeps Gear Dry for Kayak with Waterproof Phone Case","Earth Pak","FBA","Sports & Outdoors",107,850039653575,00647971062813,0850039653575,"N/A","Dry Bags",36.99,-10,20497,191,630,517385.07,7613.84,31398,4.7,"earth pak","USA",1,133590,-2,"Large bulky",2.8,10.43,18.5,1.68,272.01,750.38,"07/01/2024",106,9,62,0.65
"https://amazon.com/dp/B01HXND5XK","https://m.media-amazon.com/images/I/81F8t5nHugL._SX450_.jpg","B01HXND5XK","PJ Masks Vehicle, Cat-Car & Catboy Figure, Kids Toys for Ages 3 Up by Just Play","PJ Masks","FBM","Toys & Games",325204,886144952968,00886144245763,0886144952968,"N/A","Playsets",29.95,"N/A",3,3,-81,84.97,79.02,9697,4.7,"Genesis17:7 Bargains","USA",1,198,-68,"Large Standard-Size",4.17,7.13,8.54,0.71,"N/A","N/A","07/01/2023",108,3,3,0
"https://amazon.com/dp/B01HPQ8DXM","https://m.media-amazon.com/images/I/71OGxvDPtfL._SX450_.jpg","B01HPQ8DXM","Monogrammed A-Z Wine Gifts for Women - 12.75 oz Engraved Personalized Wine Glass- Funny Wine Lover Monogram Gifts for Women - Unique Wine Glasses Gift Set (B)","On The Rox Drinks","FBA","Kitchen & Dining",32222,634746208811,"N/A",0634746208811,"N/A","Wine Glasses",16.97,7,289,8,-63,5309.46,142.84,2536,4.8,"OTRLLC","USA",2,11290,-20,"Large Standard-Size",4.02,4.06,9.33,0.73,76.67,211.5,"12/01/2023",109,7,26,0.11
"https://amazon.com/dp/B01HPQ9BWO","https://m.media-amazon.com/images/I/71opel-533L._SX450_.jpg","B01HPQ9BWO","Monogrammed A-Z Wine Gifts for Women - 12.75 oz Engraved Personalized Wine Glass- Funny Wine Lover Monogram Gifts for Women - Unique Wine Glasses Gift Set (K)","On The Rox Drinks","FBA","Kitchen & Dining",33060,634746208903,"N/A",0634746208903,"N/A","Wine Glasses",18.97,14,289,28,-63,5309.46,535.97,2536,4.8,"OTRLLC","USA",2,11290,-20,"Large Standard-Size",4.02,4.13,9.33,0.75,77.99,215.14,"12/01/2023",109,7,26,0.11
"https://amazon.com/dp/B01COCH914","https://m.media-amazon.com/images/I/81V27xI5RkL._SX450_.jpg","B01COCH914","Panasonic CR123 CR123A 3V Lithium Battery ,6 Count (Pack of 1)","Panasonic","FBA","Health & Household",23359,769923346793,"N/A",0769923346793,"N/A","3V",18.97,-12,913,913,-41,17336.94,17331.02,8765,4.6,"MYBATTERYSUPPLIER","USA",4,20546,"N/A","Small Standard-Size",0.75,1.42,3.98,0.24,2.13,5.89,"04/01/2024",112,1,0,0.1
"https://amazon.com/dp/B00IN9ZM9Y","https://m.media-amazon.com/images/I/51jMJxeknbL._SX450_.jpg","B00IN9ZM9Y","Kavio! Unisex Infants Crew Neck Long Sleeve Heather Gray 12M","Kavio!","FBM","Clothing, Shoes & Jewelry",6961478,702561040104,"N/A",0702561040104,"N/A","Tees",11.99,-6,0,0,,"-","-",1096,4.5,"Couver Store","USA",1,0,"N/A","Small Standard-Size",0.4,5.1,6.3,0.02,"N/A","N/A","-",137,2,0,0
"https://amazon.com/dp/B002YE7W42","https://m.media-amazon.com/images/I/41h-BhN9YSL._SX450_.jpg","B002YE7W42","Gardner Bender 10-004 WireGard Screw-On Wire Connectors, 18-10 AWG, Electrical Wire Nut, 100 pk, Yellow","Gardner Bender","Amazon","Tools & Home Improvement",106611,032076100049,00032076100049,0032076100049,"N/A","Electrical Wire",10.99,-3,87,2,-60,536.53,24.01,446,4.6,"Amazon","N/A",18,1940,-36,"Large Standard-Size",2.72,3.62,4.57,0.46,"N/A","N/A","10/01/2023",222,5,21,0.19
"https://amazon.com/dp/B005C804GK","https://m.media-amazon.com/images/I/81JQ228lQ6L._SX450_.jpg","B005C804GK","SYLVANIA LED C7 Accent Light Bulb, Efficient 0.6W, 4 Lumens, 2 pack","LEDVANCE","Amazon","Industrial & Scientific",190207,046135785634,00046135785634,0046135785634,"N/A","LED Bulbs",9.99,14,11,10,-32,112.13,97.11,541,4.4,"Amazon","N/A",6,141,-69,"Large Standard-Size",1,3.8,5.8,0.05,"N/A","N/A","08/01/2023",222,7,3,0.02
"https://amazon.com/dp/B0091UNRP0","https://m.media-amazon.com/images/I/91n4frnU4TL._SX450_.jpg","B0091UNRP0","Tootsie Pops Limited Edition Chocolate Pops 13.2 oz","Tootsie Roll","FBA","Grocery & Gourmet Food",10095,885782167420,"N/A",0885782167420,"N/A","Suckers & Lollipops",9.99,26,709,200,-38,15427,2444.63,4981,4.5,"Blue Umbrella","USA",5,24224,9400,"Large Standard-Size",1.93,6.89,11.22,0.95,75.12,207.22,"12/01/2024",155,4,3,0.14
"https://amazon.com/dp/B005DQDZIK","https://m.media-amazon.com/images/I/91x-fbfUYtL._SX450_.jpg","B005DQDZIK","General Mills, Monster Cereal, Franken Berry, 9.6-Ounce Box (Pack of 4)","General Mills","FBA","Grocery & Gourmet Food",247072,"N/A",10016000275826,"N/A","N/A","Cold Cereal",39.99,-77,4,4,-109,194.49,194.46,224,4.4,"K's Holiday Favorites","USA",1,117,"N/A","Large bulky",10.31,10.94,11.26,3.81,639.43,1763.93,"11/01/2024",256,4,0,0.02
"https://amazon.com/dp/B004CH61Y6","https://m.media-amazon.com/images/I/A1hypIoqahL._SX450_.jpg","B004CH61Y6","Cracker Jacks, 1 Ounce (Pack of 24)","Cracker Jack","FBM","Grocery & Gourmet Food",74491,030000313183,"N/A",0030000313183,"N/A","Popped",25,4,42,42,-80,1150.07,1149.7,1235,4.2,"Southeastern School & Seasonal Supply","USA",8,1372,"N/A","Large Standard-Size",5.67,13.78,13.94,0.11,"N/A","N/A","02/01/2024",175,4,0,0.03
"https://amazon.com/dp/B00NJNJ2MM","https://m.media-amazon.com/images/I/51N3gaMIKJL._SX450_.jpg","B00NJNJ2MM","Stayfree Maxi, Overnight with Wings, 28 ct.","Stayfree","FBM","Health & Household",148906,883931304856,00380040739000,0883931304856,"N/A","Sanitary Napkins",29.45,-13,134,130,-24,4042.59,3911.56,38,4.3,"Tennessee Warehouse","USA",4,776,"N/A","Large Standard-Size",9.1,8.8,3,1,"N/A","N/A","04/01/2025",208,3,0,3.52
"https://amazon.com/dp/0393912760","https://m.media-amazon.com/images/I/91CM1iH0VgL._SX450_.jpg",0393912760,"Psychological Science, 4th Edition","W. W. Norton & Company","FBM","Books",5688531,"N/A",09780393912760,9780393912760,0393912760,"Cognitive",33.98,-6,0,0,,"-","-",123,4.4,"HAMZA TRADE INC","USA",2,11,450,"Large Standard-Size",1.1,8.9,10.8,3.75,"N/A","N/A","02/01/2025",161,5,0,0
"https://amazon.com/dp/B00XUYWUL0","https://m.media-amazon.com/images/I/81BPLi508fL._SX450_.jpg","B00XUYWUL0","Chima Eris Fun Pack - LEGO Dimensions","WARNER BROS","FBA","Video Games",23242,883929463961,00883929463961,5000169101582,"N/A","PlayStation",19.95,-8,67,67,46,1292.67,1292.48,305,4.5,"Factory Fresh Bulk Bricks","USA",15,1785,194,"Large Standard-Size",1.93,6.81,7.4,0.15,48.97,135.08,"12/01/2024",128,4,0,0.22
"https://amazon.com/dp/B004W4VR3E","https://m.media-amazon.com/images/I/5122ZOX9FxL._SX450_.jpg","B004W4VR3E","Versace VE 1184 1269 Brushed Brown Metal Rectangle Eyeglasses 53mm","Versace","FBA","Clothing, Shoes & Jewelry",334460,725125715027,00725125715027,0725125715027,"N/A","Eyewear Frames",69.37,-11,71,71,-38,4995.71,4995.04,162,4.5,"BROOKLYN SHADES","USA",13,762,113,"Large Standard-Size",1.93,3.03,6.57,0.51,19.34,53.36,"04/01/2025",168,3,0,0.44
"https://amazon.com/dp/B01B2SUTJ0","https://m.media-amazon.com/images/I/81vd2g7f9CL._SX450_.jpg","B01B2SUTJ0","Shortie's Candle Company Dickens Christmas Wax Melts Multi Pack - Formula 117-2 Highly Scented 3 Oz. Bars (6 Oz. Total) - Made with Natural Oils - Christmas & Holiday Air Freshener Cubes Collection","Shortie's Candle Company","FBA","Home & Kitchen",322157,"N/A","N/A","N/A","N/A","Home Fragrance Accessories",12.95,-6,74,7,-40,955.21,95.66,609,4.2,"Shortie's Candle Company","USA",2,2367,2,"Large Standard-Size",1.38,5.98,8.82,0.43,36.61,101,"12/01/2024",114,6,10,0.12
"https://amazon.com/dp/B01LYRHTXB","https://m.media-amazon.com/images/I/71tr6dAuA9L._SX450_.jpg","B01LYRHTXB","NEWZILL Medical Compression Socks for Women & Men Circulation 20-30 mmHg, Best for Running Athletic Hiking Travel Flight Nurses (Rainbow Stripes, XXL)","NEWZILL","FBA","Clothing, Shoes & Jewelry",8836,852880007170,"N/A",0852880007170,"N/A","Compression Socks",17.99,-10,3597,33,-35,91469.87,537.07,7700,4.5,"Newzill USA","USA",2,35728,14,"Large Standard-Size",1.42,5.12,7.68,0.28,28.04,77.35,"05/01/2025",95,7,80,0.47
"https://amazon.com/dp/B0057UUHGK","https://m.media-amazon.com/images/I/51bnRlQk45L._SX450_.jpg","B0057UUHGK","Rid-X Septic System Treatment, Septic Tank Treatment, 3-Monthly Supply Dual Action Septi-Pacs - 3.2 oz","Rid-X","Amazon","Health & Household",1761,019200842495,"N/A",0019200842495,"N/A","Septic Treatments",13.55,-16,14007,14054,-22,204332.95,190430.27,16088,4.7,"Amazon","N/A",10,172244,21,"Large Standard-Size",1.02,6.06,6.14,0.22,"N/A","N/A","10/01/2024",169,7,2,0.87
"https://amazon.com/dp/B01N4L160Z","https://m.media-amazon.com/images/I/81ZizDTge7L._SX450_.jpg","B01N4L160Z","KicKee Pants Baby Girl's Holiday Fitted Applique Coverall Pants, Lotus Proud Sister, 6-12m","KicKee Pants","FBM","Clothing, Shoes & Jewelry",4145016,888537473906,00888537473906,0888537473906,"N/A","Footies",24.49,-6,1,0,,33,"-",43,4.2,"Baby Riddle","USA",1,10,-33,"Large Standard-Size",1.5,8.11,12.2,0.25,"N/A","N/A","03/01/2024",103,2,544,0.03
"https://amazon.com/dp/0977816273","https://m.media-amazon.com/images/I/71cgO3FDYJL._SX450_.jpg",0977816273,"Circle of Grace: A Book of Blessings for the Seasons","Wanton Gospeller Press","Amazon","Books",114710,"N/A",09780977816279,9780977816279,0977816273,"N/A",10.39,-35,84,78,-44,1127.47,1060.63,446,4.8,"Amazon","N/A",14,1543,-11,"Large Standard-Size",1.85,5,7.87,0.44,"N/A","N/A","12/01/2024",116,3,0,0.19
"https://amazon.com/dp/0804776881","https://m.media-amazon.com/images/I/61dMENaIkLL._SX450_.jpg",0804776881,"The Oil Prince’s Legacy: Rockefeller Philanthropy in China","Stanford University Press","FBA","Books",1529032,"N/A",09780804776882,9780804776882,0804776881,"China",40,-7,0,0,,"-","-",3,4.6,"Fullfeelings","USA",6,3,50,"Large Standard-Size",6,9.5,0.7,1.7,20.09,55.42,"12/01/2024",175,1,0,0
"https://amazon.com/dp/0679413359","https://m.media-amazon.com/images/I/519dwY5fxNL._SX450_.jpg",0679413359,"The Aeneid (Everyman's Library)","Everyman's Library","FBM","Books",192908,"N/A",09780679413356,9780679413356,"978-0679413356","Epic",18.87,53,9,9,-73,212.49,212.35,174,4.5,"Gama1521","USA",11,288,-6,"Large Standard-Size",1.22,5.31,8.35,1.21,"N/A","N/A","08/01/2024",221,1,0,0.05
"https://amazon.com/dp/0770437532","https://m.media-amazon.com/images/I/71M04g8mHeL._SX450_.jpg",0770437532,"Awaken the Spirit Within: 10 Steps to Ignite Your Life and Fulfill Your Divine Purpose","Harmony Books","Amazon","Books",674059,"N/A",09780770437534,9780770437534,"978-0770437534","Happiness",15.16,-7,6,6,-45,93.05,92.93,437,4.6,"Amazon","N/A",19,112,-47,"Large Standard-Size",7.9,4.9,0.9,0.3,"N/A","N/A","09/01/2023",140,1,0,0.01
"https://amazon.com/dp/0472083074","https://m.media-amazon.com/images/I/51SB8HgvBBL._SX450_.jpg",0472083074,"English Sentence Structure","University of Michigan Press ELT","Amazon","Books",731789,"N/A",09780472083077,9780472083077,0472083074,"Study Guides",21.95,-46,2,2,-87,47.85,40.1,81,4.4,"Amazon","N/A",9,87,-48,"Large Standard-Size",0.79,6.14,9.25,0.99,"N/A","N/A","08/01/2023",221,2,0,0.03
"https://amazon.com/dp/B00AXAVB4Q","https://m.media-amazon.com/images/I/51rHskDABLL._SX450_.jpg","B00AXAVB4Q","Wincraft MLB Houston Astros Lanyard with Detachable Buckle, 3/4""","WinCraft","FBM","Sports & Outdoors",43375,032085372512,00032085372512,0032085372512,"N/A","Key Chains",12.75,28,110,76,-71,1146.97,806.01,640,4.7,"happy box","USA",2,2770,-15,"Large Standard-Size",1.5,8.31,8.9,0.07,"N/A","N/A","12/01/2024",150,1,20,0.17
"https://amazon.com/dp/B00546EN62","https://m.media-amazon.com/images/I/61iVYSYH5VL._SX450_.jpg","B00546EN62","WinCraft MLB Atlanta Braves License Plate","WinCraft","FBM","Sports & Outdoors",40594,032085858771,00032085858771,0032085858771,"N/A","Frames",11.99,-98,210,1,-42,2119.5,15.99,288,4.5,"Authentic Best Quality Inc.","USA",1,2504,27,"Small Standard-Size",0.08,6.02,12.24,0.14,"N/A","N/A","12/01/2024",167,1,27,0.73
"https://amazon.com/dp/B001PR091C","https://m.media-amazon.com/images/I/41ml6flKryL._SX450_.jpg","B001PR091C","NCAA Florida State Seminoles Chrome License Plate Frame","Rico Industries","FBM","Sports & Outdoors",1365718,094746396596,00094746396596,0094746396596,"N/A","License Plate Frames",16.99,-10,0,0,,"-","-",54,3.8,"ALL ACCESSORY CENTRAL","USA",1,2,-75,"Small Standard-Size",12.9,6.3,0.5,0.5,"N/A","N/A","09/01/2023",171,1,0,0
"https://amazon.com/dp/B0125FY210","https://m.media-amazon.com/images/I/91Le08TvWAL._SX450_.jpg","B0125FY210","FOCO Clemson Tigers NCAA Big Logo Drawstring Backpack","FOCO","Amazon","Sports & Outdoors",27848,887849984513,00887849984513,0887849984513,"N/A","Drawstring Bags",16,-21,564,21,-37,7188.1,219,2456,4.7,"Amazon","N/A",1,9586,-23,"Large Standard-Size",1.77,10.87,14.88,0.35,"N/A","N/A","12/01/2023",120,2,85,0.23
"https://amazon.com/dp/B004XOKSRO","https://m.media-amazon.com/images/I/517l35tPH1L._SX450_.jpg","B004XOKSRO","NHL San Jose Sharks Lanyard with Detachable Buckle","WinCraft","FBA","Sports & Outdoors",83405,043662247574,00043662247574,0043662247574,"N/A","Key Chains",7.99,-5,39,10,-50,340.69,77.76,447,4.7,"BobsGoodz","USA",3,790,"N/A","Small Standard-Size",0.75,1.81,5.75,0.07,3.93,10.84,"12/01/2023",183,1,5,0.09
"https://amazon.com/dp/B0083W7316","https://m.media-amazon.com/images/I/51VMTwcbFgL._SX450_.jpg","B0083W7316","NCAA University of Michigan LIC Plate Frame Full Color","WinCraft","FBA","Sports & Outdoors",137158,032085900616,00032085900616,0032085900616,"N/A","Frames",9.97,-8,27,28,-26,273.26,277.77,164,4.7,"Team Novelties Collection","USA",6,393,-2,"Small Standard-Size",12.4,7,0.3,0.25,13.11,36.17,"12/01/2024",139,2,0,0.17
"https://amazon.com/dp/B003JOT4SS","https://m.media-amazon.com/images/I/71gbZnwYMpL._SX450_.jpg","B003JOT4SS","WinCraft NFL Houston Texans Perfect Cut Color Decal, 8"" x 8"", official team colors.","WinCraft","FBA","Sports & Outdoors",436277,032085807854,00032085807854,0032085807854,"N/A","Decals",17.31,-20,9,9,-74,151.41,155.52,50,4.1,"My Team Outlet (USA Seller)","USA",2,97,-32,"Small Standard-Size",10,8,0.1,0.05,4.03,11.11,"07/01/2024",168,2,0,0.18
"https://amazon.com/dp/B01HFS53QA","https://m.media-amazon.com/images/I/8109-U6h7kL._SX450_.jpg","B01HFS53QA","Calvin Klein Girls Graphic 6PK Bikini Panty (M)","Calvin Klein","FBM","Clothing, Shoes & Jewelry",2771208,881634662464,"N/A",0881634662464,"N/A","Panties",10.89,-31,2,2,250,24.38,24.31,37,3.8,"LY Berditchev Co.","USA",1,0,"N/A","Large Standard-Size",2.5,4.5,9.5,0.25,"N/A","N/A","05/01/2025",109,8,0,0.06
"https://amazon.com/dp/B00074FSG0","https://m.media-amazon.com/images/I/81J569LTRYL._SX450_.jpg","B00074FSG0","RadioShack Advanced 3-Station/3-Channel FM Wireless Intercom (43-3105)","RadioShack","FBA","Musical Instruments",55730,796594176053,"N/A",0796594176053,"N/A","Accessories",189.85,1,2,2,-103,418.55,412.89,45,3.4,"Mateo National Wholesale LLC","USA",4,63,-97,"Large Standard-Size",7.7,6.8,7.6,3.7,200.35,552.69,"08/01/2023",247,2,0,0.05
"https://amazon.com/dp/B00Q71JKM0","https://m.media-amazon.com/images/I/711B-Z0w8UL._SX450_.jpg","B00Q71JKM0","PANACEA PRODUCTS 10 Gallon Grow Bag Peppers","Panacea","FBM","Patio, Lawn & Garden",1237240,093432843826,00093432843826,0093432843826,"N/A","Grow Bags",34.99,-7,0,0,300,"-","-",16,3.8,"BestNest Inc","USA",1,2,-67,"Large Standard-Size",17.5,10,1.2,0.75,"N/A","N/A","05/01/2025",118,3,0,0
"https://amazon.com/dp/B00005QIQW","https://m.media-amazon.com/images/I/91k4j+hpx8L._SX450_.jpg","B00005QIQW","Epson T032520 Multipack (Cyan, Magenta, and Yellow) Ink Cartridges for Epson Stylus C80/80N/C80WN","Epson","FBM","Office Products",1374693,103438384688,00010343838468,0103438384688,"N/A","Inkjet Ink Cartridges",18,-11,1,1,,18,17.97,17,3.7,"BestSource OfficeSupplies","USA",1,0,"N/A","Large Standard-Size",3.6,4.5,2.4,0.35,"N/A","N/A","02/01/2024",224,2,0,0.06
"https://amazon.com/dp/B0096E5LR8","https://m.media-amazon.com/images/I/711XenQqouL._SX450_.jpg","B0096E5LR8","Nike Men's Legend Short Sleeve Tee, Scarlet, 3XL","Nike","FBM","Clothing, Shoes & Jewelry",122463,883412919746,00883412919746,0883412919746,"N/A","Sandals",30.75,104,413,2,20014,11251.56,64.79,1301,4.5,"AMASALES20","USA",1,1646,"N/A","Large Standard-Size",1.77,10.87,12.87,0.44,"N/A","N/A","03/01/2024",223,1,36,0.32
"https://amazon.com/dp/B01I5QSTLW","https://m.media-amazon.com/images/I/51U9v6uR3JL._SX450_.jpg","B01I5QSTLW","J. Adams Daisy Mid Heel Sandal Grey 8.5 B(M) US","J. Adams","FBA","Clothing, Shoes & Jewelry",55704,792930990642,"N/A",0792930990642,"N/A","Heeled Sandals",31.99,-10,614,2,-74,20134.69,76.44,4684,4.3,"J. Adams Shoes","USA",1,11289,-38,"Large Standard-Size",3.9,7.1,11.4,1.7,158.93,438.42,"04/01/2024",108,7,410,0.13
"https://amazon.com/dp/B00URWUMF4","https://m.media-amazon.com/images/I/81LYBV8iIoL._SX450_.jpg","B00URWUMF4","Harry & David, Moose Munch Gourmet Popcorn, Classic Caramel, 10 Oz.","Harry & David","FBM","Grocery & Gourmet Food",298373,780994799677,"N/A",0780994799677,"N/A","Popped",16.99,-51,5,5,,82.58,84.81,99,4.4,"VALGORDAS","USA",1,11,"N/A","Large Standard-Size",4.6,4.6,7.2,0.9,"N/A","N/A","12/01/2023",124,6,0,0.05
"https://amazon.com/dp/B00J074W94","https://m.media-amazon.com/images/I/71lu0LrUI+L._SX450_.jpg","B00J074W94","Orgain Organic Vegan Protein Powder, Creamy Chocolate Fudge - 21g Plant Protein, 6g Prebiotic Fiber, Low Net Carb, No Lactose Ingredients, No Added Sugar, Non-GMO, For Shakes & Smoothies, 2.03 lb","Orgain","Amazon","Health & Household",274,851770003179,00851770003179,0851770003179,"N/A","Pea",30.39,-20,68177,58726,,2112366.47,1818744.55,68324,4.4,"Amazon","N/A",9,0,"N/A","Large Standard-Size",5.08,5.08,8.7,2.38,"N/A","N/A","06/01/2025",136,7,5,1
"https://amazon.com/dp/B00J2IXJP4","https://m.media-amazon.com/images/I/61BmEU3RQeL._SX450_.jpg","B00J2IXJP4","Royal Hotel Bedding Abri Spring-Green Waterfall Grommet Crushed Sheer Valance, 24x24 inches","Royal Hotel Bedding","FBM","Home & Kitchen",332280,825624649134,"N/A",0825624649134,"N/A","Panels",9.99,-7,95,3,-20,1244.07,33.42,601,3.8,"Royal Hotel Bedding","USA",1,1891,22,"Large Standard-Size",12,10,1,1,"N/A","N/A","11/01/2024",137,4,65,0.16
"https://amazon.com/dp/B01CWW9C48","https://m.media-amazon.com/images/I/61mymuVIfnL._SX450_.jpg","B01CWW9C48","Pyle Portable PA System, Wireless Microphone Kit, Compact Stereo System, FM Radio, LCD Display, USB, Rechargeable Battery, Includes Lavalier Microphone Headset, Outdoor Surround Sound (PWMA83UFM)","Pyle","FBM","Electronics",829093,068888764490,00068888764490,0068888764490,"N/A","Personal Radios",89.75,18,2,3,33,205.51,239.93,12,4.2,"UnbeatableSale, Inc","USA",4,30,-3,"Large Standard-Size",3.58,5.63,11.22,2.45,"N/A","N/A","03/01/2025",112,5,0,0.19
"https://amazon.com/dp/B01DCHM8IY","https://m.media-amazon.com/images/I/51MJhYHiaxL._SX450_.jpg","B01DCHM8IY","Prunelax Ciruelax Maximum Relief Laxative Tablets with Natural Senna for Occasional Constipation, Senna Extract, Vegan & Gluten-Free, Gentle Overnight Relief - 100ct","Prunelax","Amazon","Health & Household",3059,818951000495,00818951000495,0818951000495,"N/A","Laxatives",19.92,-5,11413,8372,-12,197511.53,166949.53,7666,4.6,"Amazon","N/A",11,131538,"N/A","Large Standard-Size",2.2,2.2,4.8,0.22,"N/A","N/A","03/01/2025",112,12,3,1.49
"https://amazon.com/dp/B00AT6HZGM","https://m.media-amazon.com/images/I/81zQE-9Df9L._SX450_.jpg","B00AT6HZGM","NcSTAR CVDC2946T-36 Vism Double Carbine Case, Tan, 36-Inch","NcSTAR","FBM","Sports & Outdoors",265843,863121629594,00814108019327,0863121629594,"N/A","Soft Rifle Cases",75.06,-10,14,1,-46,976.17,59.69,3360,4.8,"Broadway Knives","USA",9,261,-30,"Large bulky",3.54,12.8,36.22,4.75,"N/A","N/A","12/01/2023",149,1,25,0
"https://amazon.com/dp/B00ENNVC66","https://m.media-amazon.com/images/I/31IGoXt8QoL._SX450_.jpg","B00ENNVC66","Tigi Catwalk Fashionista Violet Conditioner for Unisex, 25.36 Ounce","TIGI","Amazon","Beauty & Personal Care",140733,885204189184,00787734781978,0885204189184,"N/A","Conditioners",14,-14,60,60,103,762.1,768.87,289,4,"Amazon","N/A",7,226,183,"Large Standard-Size",4.29,5.47,9.29,1.9,"N/A","N/A","05/01/2025",219,2,0,0.21
"https://amazon.com/dp/B00FNKMVUO","https://m.media-amazon.com/images/I/711v7IhyWbL._SX450_.jpg","B00FNKMVUO","UtechSmart Venus Gaming Mouse RGB Wired, 16400 DPI High Precision Laser Programmable MMO Computer Gaming Mice [IGN's Recommendation]","UtechSmart","FBA","Video Games",1852,521385508979,00521385508979,6956956906191,"N/A","Gaming Mice",27.89,1,1483,508,,52873.39,14971.67,14412,4.5,"UtechSmart Store","USA",3,0,"N/A","Large Standard-Size",2.05,5.98,7.83,0.73,48.33,133.31,"05/01/2025",136,7,6,0.1
"https://amazon.com/dp/B019E85VXE","https://m.media-amazon.com/images/I/71fwUfdW0RL._SX450_.jpg","B019E85VXE","LIFETIME JEWELRY 1.4mm Box Chain Necklace for Women and Men 24k Real Gold Plated (24 inches, Gold)","LIFETIME JEWELRY","FBA","Clothing, Shoes & Jewelry",491330,646437411097,"N/A",0646437411097,"N/A","Necklaces",44,-8,39,3,2,1623.92,121.43,1252,4.1,"Lifetime Products Group","USA",1,438,-33,"Small Standard-Size",0.65,2.8,3.3,0.02,3.02,8.34,"08/01/2023",115,9,14,0.03
"https://amazon.com/dp/B009QMZ7SS","https://m.media-amazon.com/images/I/51l+7F7HVUL._SX450_.jpg","B009QMZ7SS","Sony Genuine Replacement Ear Pads Cushions for Sony MDR-7506 and MDR-V6 Bundle (2-Pack, 2 Items)","Sony","FBA","Electronics",10182,907157067088,"N/A",0907157067088,"N/A","Earpads",24.89,-15,373,368,43,8987.8,8865.56,824,4.6,"AUDIO EQUIP","USA",6,4207,31,"Large Standard-Size",1.69,3.39,5.43,0.04,15.66,43.21,"12/01/2024",153,6,0,0.45
"https://amazon.com/dp/B00009WE3X","https://m.media-amazon.com/images/I/61cXt5sAIoL._SX450_.jpg","B00009WE3X","Microplane Professional Series Kitchen Grater Ribbon Blade for Hard Cheese, Apple, Carrot, Zucchini and Chocolate with Stainless Steel Blades - Made in USA","Microplane","FBM","Kitchen & Dining",109179,887701097160,00098399380025,7661459792729,"N/A","Graters",29.85,193,11,10,-119,327.74,278.84,2903,4.7,"Amazon Germany","Germany",1,0,"N/A","Small Standard-Size",0.6,2.4,13,0.5,"N/A","N/A","02/01/2025",235,5,2,0
"https://amazon.com/dp/B00009WE3Y","https://m.media-amazon.com/images/I/61MAG7ZTcyL._SX450_.jpg","B00009WE3Y","Microplane Professional Series Kitchen Grater Coarse for Cheese, Carrot, Ginger, Coconut, Nuts and Horseradish with Stainless Steel Blades - Made in USA","Microplane","FBA","Kitchen & Dining",184799,885579907130,00844007028960,7661459792583,"N/A","Graters",39,56,4,4,-62,161.72,145.31,1261,4.6,"Microplane","USA",2,0,"N/A","Small Standard-Size",0.71,2.99,12.99,0.35,13.86,38.23,"02/01/2025",265,9,0,0
"https://amazon.com/dp/B004QXM5J6","https://m.media-amazon.com/images/I/51wSUv8HIfL._SX450_.jpg","B004QXM5J6","Parker Brothers Monopoly Deluxe Anniversary Edition","Hasbro","FBM","Toys & Games",438574,073000000073,"N/A",0073000000073,"N/A","Board Games",113,-45,8,8,142,645.71,680.63,40,4.2,"Psst! Hey, Check This Out","USA",6,80,"N/A","Large bulky",19.9,10,2.6,3.9,"N/A","N/A","12/01/2024",172,4,0,0.2
"https://amazon.com/dp/0553106643","https://m.media-amazon.com/images/I/71P4mZfj17L._SX450_.jpg",0553106643,"Fear Nothing","N/A","FBA","Books",249051,"N/A","N/A",9780553106640,0553106643,"Contemporary",14.97,-30,6,7,-50,65.59,75.02,3816,4.4,"CollegeStreet","USA",19,88,-32,"Large Standard-Size",9.3,6,1.3,1.45,36.52,100.75,"12/01/2023",223,3,0,0
"https://amazon.com/dp/B00H7ISDTI","https://m.media-amazon.com/images/I/81Bk0nl2UKL._SX450_.jpg","B00H7ISDTI","KicKee Pants Neutral Baby Onepiece Coverall Romper, Midnight Black, 0-3 Months","KicKee Pants","FBM","Clothing, Shoes & Jewelry",5018681,846492026124,"N/A",0846492026124,"N/A","Rompers",21.69,-12,0,0,-67,"-","-",50,3.8,"Baby Riddle","USA",1,6,"N/A","Large Standard-Size",1.4,7,8.2,0.26,"N/A","N/A","01/01/2024",139,2,383,0
"https://amazon.com/dp/B000IJTBFS","https://m.media-amazon.com/images/I/71pEqMg1NLL._SX450_.jpg","B000IJTBFS","Deflecto Easy Connecting Dryer Vent Hook Up Kit, Flexible Semi-Rigid Aluminum Duct, 4"" x 8' (HUPK8WA/4)","Deflecto","FBM","Tools & Home Improvement",115834,079916504278,00079916504278,0079916504278,"N/A","Vents",22.91,8,64,66,-76,1393.74,1417.03,2343,4.1,"Deflecto LLC","USA",5,1108,-3,"Large bulky",4.25,5.12,26.5,1.05,"N/A","N/A","01/01/2024",215,4,0,0.03
"https://amazon.com/dp/B001HBD4TK","https://m.media-amazon.com/images/I/81nc0JzckWL._SX450_.jpg","B001HBD4TK","Forum Novelties Madame Butterfly Child Costume, Medium","Forum Novelties","Amazon","Clothing, Shoes & Jewelry",5270793,721773621857,00721773621857,0721773621857,"N/A","Costumes",23.97,-8,0,0,,"-","-",59,4,"Amazon","N/A",2,2,"N/A","Large Standard-Size",1.06,10,14.41,0.75,"N/A","N/A","10/01/2024",297,2,2,0
"https://amazon.com/dp/B0055LLHC4","https://m.media-amazon.com/images/I/71QDg8SRh3L._SX450_.jpg","B0055LLHC4","Fun World Adult Mary Costume","Fun World","Amazon","Clothing, Shoes & Jewelry",575471,643272564520,"N/A",0643272564520,"N/A","Costumes",25.66,-6,12,12,-109,304.71,304.51,208,4.3,"Amazon","N/A",6,628,"N/A","Large Standard-Size",2.56,10.24,15.71,1.39,"N/A","N/A","12/01/2024",169,6,0,0.06
"https://amazon.com/dp/B00382PLJW","https://m.media-amazon.com/images/I/71XMY8Mg5xL._SX450_.jpg","B00382PLJW","Leg Avenue womens Adult Sized Costumes, Khaki/Green, Small US","Leg Avenue","Amazon","Clothing, Shoes & Jewelry",134280,799861604877,00714718422343,0799861604877,"N/A","Clothing",29.03,-59,152,27,348,5357.06,826.63,298,4.2,"Amazon","N/A",1,0,"N/A","Large Standard-Size",2.05,10.12,14.45,0.82,"N/A","N/A","10/01/2024",297,5,6,0.51
"https://amazon.com/dp/B0002K7Z8S","https://m.media-amazon.com/images/I/31kfIoc0+KL._SX450_.jpg","B0002K7Z8S","Evel Knievel","Miracle Pictures","FBM","Movies & TV",453859,090328300869,00090328300869,0090328300869,"N/A",,4.73,-10,47,45,151,222.53,212.56,117,4,"CD's and Books","USA",7,203,"N/A","Small Standard-Size",7.1,5.42,0.58,0.18,"N/A","N/A","06/01/2024",225,1,0,0.4